2026-08-05 10:33:58,174 [Worker-6: Loading available Gradle versions] INFO  o.e.b.c.i.u.g.PublishedGradleVersions - Gradle version information cache is not available. Remote download required.
2026-08-05 10:44:44,824 [Worker-1: Loading available Gradle versions] INFO  o.e.b.c.i.u.g.PublishedGradleVersions - Gradle version information cache is up-to-date. Trying to read.
2026-08-05 10:49:20,133 [Worker-4: Loading available Gradle versions] INFO  o.e.b.c.i.u.g.PublishedGradleVersions - Gradle version information cache is up-to-date. Trying to read.
2026-08-05 10:52:27,971 [Worker-14: Updating Maven Dependencies] INFO  o.e.m.c.i.e.AbstractTransferListenerAdapter - Downloading https://repo.maven.apache.org/maven2/org/apache/maven/plugins/maven-clean-plugin/2.5/maven-clean-plugin-2.5.jar
2026-08-05 10:52:28,214 [Worker-14: Updating Maven Dependencies] INFO  o.e.m.c.i.e.AbstractTransferListenerAdapter - Downloaded https://repo.maven.apache.org/maven2/org/apache/maven/plugins/maven-clean-plugin/2.5/maven-clean-plugin-2.5.jar
2026-08-05 10:52:28,567 [Worker-14: Updating Maven Dependencies] INFO  o.e.m.c.i.e.AbstractTransferListenerAdapter - Downloading https://repo.maven.apache.org/maven2/org/apache/maven/plugins/maven-resources-plugin/2.6/maven-resources-plugin-2.6.jar
2026-08-05 10:52:28,849 [Worker-14: Updating Maven Dependencies] INFO  o.e.m.c.i.e.AbstractTransferListenerAdapter - Downloaded https://repo.maven.apache.org/maven2/org/apache/maven/plugins/maven-resources-plugin/2.6/maven-resources-plugin-2.6.jar
2026-08-05 10:52:29,137 [Worker-14: Updating Maven Dependencies] INFO  o.e.m.c.i.e.AbstractTransferListenerAdapter - Downloading https://repo.maven.apache.org/maven2/org/apache/maven/plugins/maven-compiler-plugin/2.5.1/maven-compiler-plugin-2.5.1.jar
2026-08-05 10:52:29,374 [Worker-14: Updating Maven Dependencies] INFO  o.e.m.c.i.e.AbstractTransferListenerAdapter - Downloaded https://repo.maven.apache.org/maven2/org/apache/maven/plugins/maven-compiler-plugin/2.5.1/maven-compiler-plugin-2.5.1.jar
2026-08-05 10:52:29,623 [Worker-14: Updating Maven Dependencies] INFO  o.e.m.c.i.e.AbstractTransferListenerAdapter - Downloading https://repo.maven.apache.org/maven2/org/apache/maven/plugins/maven-surefire-plugin/2.12.4/maven-surefire-plugin-2.12.4.jar
2026-08-05 10:52:29,671 [Worker-12: Building workspace] INFO  o.e.m.c.i.e.AbstractTransferListenerAdapter - Downloading https://repo.maven.apache.org/maven2/org/apache/maven/plugins/maven-surefire-plugin/2.12.4/maven-surefire-plugin-2.12.4.jar
2026-08-05 10:52:29,814 [Worker-14: Updating Maven Dependencies] INFO  o.e.m.c.i.e.AbstractTransferListenerAdapter - Downloaded https://repo.maven.apache.org/maven2/org/apache/maven/plugins/maven-surefire-plugin/2.12.4/maven-surefire-plugin-2.12.4.jar
2026-08-05 10:52:29,903 [Worker-12: Building workspace] INFO  o.e.m.c.i.e.AbstractTransferListenerAdapter - Downloaded https://repo.maven.apache.org/maven2/org/apache/maven/plugins/maven-surefire-plugin/2.12.4/maven-surefire-plugin-2.12.4.jar
2026-08-05 10:52:30,093 [Worker-14: Updating Maven Dependencies] INFO  o.e.m.c.i.e.AbstractTransferListenerAdapter - Downloading https://repo.maven.apache.org/maven2/org/apache/maven/plugins/maven-war-plugin/2.2/maven-war-plugin-2.2.jar
2026-08-05 10:52:30,093 [Worker-12: Building workspace] INFO  o.e.m.c.i.e.AbstractTransferListenerAdapter - Downloading https://repo.maven.apache.org/maven2/org/apache/maven/plugins/maven-war-plugin/2.2/maven-war-plugin-2.2.jar
2026-08-05 10:52:30,328 [Worker-14: Updating Maven Dependencies] INFO  o.e.m.c.i.e.AbstractTransferListenerAdapter - Downloaded https://repo.maven.apache.org/maven2/org/apache/maven/plugins/maven-war-plugin/2.2/maven-war-plugin-2.2.jar
2026-08-05 10:52:30,332 [Worker-12: Building workspace] INFO  o.e.m.c.i.e.AbstractTransferListenerAdapter - Downloaded https://repo.maven.apache.org/maven2/org/apache/maven/plugins/maven-war-plugin/2.2/maven-war-plugin-2.2.jar
2026-08-05 10:52:30,581 [Worker-14: Updating Maven Dependencies] INFO  o.e.m.c.i.e.AbstractTransferListenerAdapter - Downloading https://repo.maven.apache.org/maven2/org/apache/maven/plugins/maven-install-plugin/2.4/maven-install-plugin-2.4.jar
2026-08-05 10:52:30,581 [Worker-12: Building workspace] INFO  o.e.m.c.i.e.AbstractTransferListenerAdapter - Downloading https://repo.maven.apache.org/maven2/org/apache/maven/plugins/maven-install-plugin/2.4/maven-install-plugin-2.4.jar
2026-08-05 10:52:30,794 [Worker-14: Updating Maven Dependencies] INFO  o.e.m.c.i.e.AbstractTransferListenerAdapter - Downloaded https://repo.maven.apache.org/maven2/org/apache/maven/plugins/maven-install-plugin/2.4/maven-install-plugin-2.4.jar
2026-08-05 10:52:30,921 [Worker-12: Building workspace] INFO  o.e.m.c.i.e.AbstractTransferListenerAdapter - Downloaded https://repo.maven.apache.org/maven2/org/apache/maven/plugins/maven-install-plugin/2.4/maven-install-plugin-2.4.jar
2026-08-05 10:52:31,206 [Worker-14: Updating Maven Dependencies] INFO  o.e.m.c.i.e.AbstractTransferListenerAdapter - Downloading https://repo.maven.apache.org/maven2/org/apache/maven/plugins/maven-deploy-plugin/2.7/maven-deploy-plugin-2.7.jar
2026-08-05 10:52:31,214 [Worker-12: Building workspace] INFO  o.e.m.c.i.e.AbstractTransferListenerAdapter - Downloading https://repo.maven.apache.org/maven2/org/apache/maven/plugins/maven-deploy-plugin/2.7/maven-deploy-plugin-2.7.jar
2026-08-05 10:52:31,420 [Worker-14: Updating Maven Dependencies] INFO  o.e.m.c.i.e.AbstractTransferListenerAdapter - Downloaded https://repo.maven.apache.org/maven2/org/apache/maven/plugins/maven-deploy-plugin/2.7/maven-deploy-plugin-2.7.jar
2026-08-05 10:52:31,538 [Worker-12: Building workspace] INFO  o.e.m.c.i.e.AbstractTransferListenerAdapter - Downloaded https://repo.maven.apache.org/maven2/org/apache/maven/plugins/maven-deploy-plugin/2.7/maven-deploy-plugin-2.7.jar
2026-08-05 10:52:31,693 [Worker-14: Updating Maven Dependencies] INFO  o.e.m.c.i.e.AbstractTransferListenerAdapter - Downloading https://repo.maven.apache.org/maven2/org/apache/maven/plugins/maven-site-plugin/3.3/maven-site-plugin-3.3.jar
2026-08-05 10:52:31,752 [Worker-12: Building workspace] INFO  o.e.m.c.i.e.AbstractTransferListenerAdapter - Downloading https://repo.maven.apache.org/maven2/org/apache/maven/plugins/maven-site-plugin/3.3/maven-site-plugin-3.3.jar
2026-08-05 10:52:32,008 [Worker-14: Updating Maven Dependencies] INFO  o.e.m.c.i.e.AbstractTransferListenerAdapter - Downloaded https://repo.maven.apache.org/maven2/org/apache/maven/plugins/maven-site-plugin/3.3/maven-site-plugin-3.3.jar
2026-08-05 10:52:32,011 [Worker-12: Building workspace] INFO  o.e.m.c.i.e.AbstractTransferListenerAdapter - Downloaded https://repo.maven.apache.org/maven2/org/apache/maven/plugins/maven-site-plugin/3.3/maven-site-plugin-3.3.jar
2026-08-05 10:52:32,313 [Worker-14: Updating Maven Dependencies] INFO  o.e.m.c.i.e.AbstractTransferListenerAdapter - Downloaded https://repo.maven.apache.org/maven2/org/apache/maven/plugins/maven-compiler-plugin/2.5.1/maven-compiler-plugin-2.5.1.pom
2026-08-05 10:52:32,480 [Worker-14: Updating Maven Dependencies] INFO  o.e.m.c.i.e.AbstractTransferListenerAdapter - Downloaded https://repo.maven.apache.org/maven2/org/apache/maven/plugins/maven-plugins/22/maven-plugins-22.pom
2026-08-05 10:52:32,650 [Worker-14: Updating Maven Dependencies] INFO  o.e.m.c.i.e.AbstractTransferListenerAdapter - Downloaded https://repo.maven.apache.org/maven2/org/apache/maven/maven-parent/21/maven-parent-21.pom
2026-08-05 10:52:32,822 [Worker-14: Updating Maven Dependencies] INFO  o.e.m.c.i.e.AbstractTransferListenerAdapter - Downloaded https://repo.maven.apache.org/maven2/org/apache/apache/10/apache-10.pom
2026-08-05 10:52:33,068 [Worker-14: Updating Maven Dependencies] INFO  o.e.m.c.i.e.AbstractTransferListenerAdapter - Downloaded https://repo.maven.apache.org/maven2/org/apache/maven/maven-plugin-api/2.0.9/maven-plugin-api-2.0.9.pom
2026-08-05 10:52:33,235 [Worker-14: Updating Maven Dependencies] INFO  o.e.m.c.i.e.AbstractTransferListenerAdapter - Downloaded https://repo.maven.apache.org/maven2/org/apache/maven/maven/2.0.9/maven-2.0.9.pom
2026-08-05 10:52:33,382 [Worker-14: Updating Maven Dependencies] INFO  o.e.m.c.i.e.AbstractTransferListenerAdapter - Downloaded https://repo.maven.apache.org/maven2/org/apache/maven/maven-parent/8/maven-parent-8.pom
2026-08-05 10:52:33,571 [Worker-14: Updating Maven Dependencies] INFO  o.e.m.c.i.e.AbstractTransferListenerAdapter - Downloaded https://repo.maven.apache.org/maven2/org/apache/apache/4/apache-4.pom
2026-08-05 10:52:33,686 [Worker-14: Updating Maven Dependencies] INFO  o.e.m.c.i.e.AbstractTransferListenerAdapter - Downloaded https://repo.maven.apache.org/maven2/org/apache/maven/maven-artifact/2.0.9/maven-artifact-2.0.9.pom
2026-08-05 10:52:33,822 [Worker-14: Updating Maven Dependencies] INFO  o.e.m.c.i.e.AbstractTransferListenerAdapter - Downloaded https://repo.maven.apache.org/maven2/org/codehaus/plexus/plexus-utils/1.5.1/plexus-utils-1.5.1.pom
2026-08-05 10:52:33,967 [Worker-14: Updating Maven Dependencies] INFO  o.e.m.c.i.e.AbstractTransferListenerAdapter - Downloaded https://repo.maven.apache.org/maven2/org/codehaus/plexus/plexus/1.0.11/plexus-1.0.11.pom
2026-08-05 10:52:34,119 [Worker-14: Updating Maven Dependencies] INFO  o.e.m.c.i.e.AbstractTransferListenerAdapter - Downloaded https://repo.maven.apache.org/maven2/org/apache/maven/maven-core/2.0.9/maven-core-2.0.9.pom
2026-08-05 10:52:34,255 [Worker-14: Updating Maven Dependencies] INFO  o.e.m.c.i.e.AbstractTransferListenerAdapter - Downloaded https://repo.maven.apache.org/maven2/org/apache/maven/maven-settings/2.0.9/maven-settings-2.0.9.pom
2026-08-05 10:52:34,385 [Worker-14: Updating Maven Dependencies] INFO  o.e.m.c.i.e.AbstractTransferListenerAdapter - Downloaded https://repo.maven.apache.org/maven2/org/apache/maven/maven-model/2.0.9/maven-model-2.0.9.pom
2026-08-05 10:52:34,597 [Worker-14: Updating Maven Dependencies] INFO  o.e.m.c.i.e.AbstractTransferListenerAdapter - Downloaded https://repo.maven.apache.org/maven2/org/apache/maven/maven-plugin-parameter-documenter/2.0.9/maven-plugin-parameter-documenter-2.0.9.pom
2026-08-05 10:52:34,701 [Worker-14: Updating Maven Dependencies] INFO  o.e.m.c.i.e.AbstractTransferListenerAdapter - Downloaded https://repo.maven.apache.org/maven2/org/apache/maven/maven-profile/2.0.9/maven-profile-2.0.9.pom
2026-08-05 10:52:34,959 [Worker-14: Updating Maven Dependencies] INFO  o.e.m.c.i.e.AbstractTransferListenerAdapter - Downloaded https://repo.maven.apache.org/maven2/org/apache/maven/maven-repository-metadata/2.0.9/maven-repository-metadata-2.0.9.pom
2026-08-05 10:52:35,665 [Worker-14: Updating Maven Dependencies] INFO  o.e.m.c.i.e.AbstractTransferListenerAdapter - Downloaded https://repo.maven.apache.org/maven2/org/apache/maven/maven-error-diagnostics/2.0.9/maven-error-diagnostics-2.0.9.pom
2026-08-05 10:52:35,947 [Worker-14: Updating Maven Dependencies] INFO  o.e.m.c.i.e.AbstractTransferListenerAdapter - Downloaded https://repo.maven.apache.org/maven2/org/apache/maven/maven-project/2.0.9/maven-project-2.0.9.pom
2026-08-05 10:52:36,537 [Worker-14: Updating Maven Dependencies] INFO  o.e.m.c.i.e.AbstractTransferListenerAdapter - Downloaded https://repo.maven.apache.org/maven2/org/apache/maven/maven-artifact-manager/2.0.9/maven-artifact-manager-2.0.9.pom
2026-08-05 10:52:36,838 [Worker-14: Updating Maven Dependencies] INFO  o.e.m.c.i.e.AbstractTransferListenerAdapter - Downloaded https://repo.maven.apache.org/maven2/org/apache/maven/maven-plugin-registry/2.0.9/maven-plugin-registry-2.0.9.pom
2026-08-05 10:52:36,962 [Worker-14: Updating Maven Dependencies] INFO  o.e.m.c.i.e.AbstractTransferListenerAdapter - Downloaded https://repo.maven.apache.org/maven2/org/apache/maven/maven-plugin-descriptor/2.0.9/maven-plugin-descriptor-2.0.9.pom
2026-08-05 10:52:37,206 [Worker-14: Updating Maven Dependencies] INFO  o.e.m.c.i.e.AbstractTransferListenerAdapter - Downloaded https://repo.maven.apache.org/maven2/org/apache/maven/maven-monitor/2.0.9/maven-monitor-2.0.9.pom
2026-08-05 10:52:37,377 [Worker-14: Updating Maven Dependencies] INFO  o.e.m.c.i.e.AbstractTransferListenerAdapter - Downloaded https://repo.maven.apache.org/maven2/org/apache/maven/maven-toolchain/1.0/maven-toolchain-1.0.pom
2026-08-05 10:52:37,583 [Worker-14: Updating Maven Dependencies] INFO  o.e.m.c.i.e.AbstractTransferListenerAdapter - Downloaded https://repo.maven.apache.org/maven2/org/apache/maven/maven/2.0.6/maven-2.0.6.pom
2026-08-05 10:52:38,211 [Worker-14: Updating Maven Dependencies] INFO  o.e.m.c.i.e.AbstractTransferListenerAdapter - Downloaded https://repo.maven.apache.org/maven2/org/apache/maven/maven-parent/5/maven-parent-5.pom
2026-08-05 10:52:38,612 [Worker-14: Updating Maven Dependencies] INFO  o.e.m.c.i.e.AbstractTransferListenerAdapter - Downloaded https://repo.maven.apache.org/maven2/org/apache/apache/3/apache-3.pom
2026-08-05 10:52:39,099 [Worker-14: Updating Maven Dependencies] INFO  o.e.m.c.i.e.AbstractTransferListenerAdapter - Downloaded https://repo.maven.apache.org/maven2/org/apache/maven/maven-core/2.0.6/maven-core-2.0.6.pom
2026-08-05 10:52:39,310 [Worker-14: Updating Maven Dependencies] INFO  o.e.m.c.i.e.AbstractTransferListenerAdapter - Downloaded https://repo.maven.apache.org/maven2/org/apache/maven/maven-settings/2.0.6/maven-settings-2.0.6.pom
2026-08-05 10:52:39,573 [Worker-14: Updating Maven Dependencies] INFO  o.e.m.c.i.e.AbstractTransferListenerAdapter - Downloaded https://repo.maven.apache.org/maven2/org/apache/maven/maven-model/2.0.6/maven-model-2.0.6.pom
2026-08-05 10:52:39,685 [Worker-14: Updating Maven Dependencies] INFO  o.e.m.c.i.e.AbstractTransferListenerAdapter - Downloaded https://repo.maven.apache.org/maven2/org/codehaus/plexus/plexus-utils/1.4.1/plexus-utils-1.4.1.pom
2026-08-05 10:52:39,814 [Worker-14: Updating Maven Dependencies] INFO  o.e.m.c.i.e.AbstractTransferListenerAdapter - Downloaded https://repo.maven.apache.org/maven2/org/codehaus/plexus/plexus-container-default/1.0-alpha-9-stable-1/plexus-container-default-1.0-alpha-9-stable-1.pom
2026-08-05 10:52:39,961 [Worker-14: Updating Maven Dependencies] INFO  o.e.m.c.i.e.AbstractTransferListenerAdapter - Downloaded https://repo.maven.apache.org/maven2/org/codehaus/plexus/plexus-containers/1.0.3/plexus-containers-1.0.3.pom
2026-08-05 10:52:40,181 [Worker-14: Updating Maven Dependencies] INFO  o.e.m.c.i.e.AbstractTransferListenerAdapter - Downloaded https://repo.maven.apache.org/maven2/org/codehaus/plexus/plexus/1.0.4/plexus-1.0.4.pom
2026-08-05 10:52:40,309 [Worker-14: Updating Maven Dependencies] INFO  o.e.m.c.i.e.AbstractTransferListenerAdapter - Downloaded https://repo.maven.apache.org/maven2/junit/junit/3.8.1/junit-3.8.1.pom
2026-08-05 10:52:40,468 [Worker-14: Updating Maven Dependencies] INFO  o.e.m.c.i.e.AbstractTransferListenerAdapter - Downloaded https://repo.maven.apache.org/maven2/org/codehaus/plexus/plexus-utils/1.0.4/plexus-utils-1.0.4.pom
2026-08-05 10:52:40,829 [Worker-14: Updating Maven Dependencies] INFO  o.e.m.c.i.e.AbstractTransferListenerAdapter - Downloaded https://repo.maven.apache.org/maven2/classworlds/classworlds/1.1-alpha-2/classworlds-1.1-alpha-2.pom
2026-08-05 10:52:40,987 [Worker-14: Updating Maven Dependencies] INFO  o.e.m.c.i.e.AbstractTransferListenerAdapter - Downloaded https://repo.maven.apache.org/maven2/org/apache/maven/maven-plugin-parameter-documenter/2.0.6/maven-plugin-parameter-documenter-2.0.6.pom
2026-08-05 10:52:41,794 [Worker-14: Updating Maven Dependencies] INFO  o.e.m.c.i.e.AbstractTransferListenerAdapter - Downloaded https://repo.maven.apache.org/maven2/org/apache/maven/reporting/maven-reporting-api/2.0.6/maven-reporting-api-2.0.6.pom
2026-08-05 10:52:41,981 [Worker-14: Updating Maven Dependencies] INFO  o.e.m.c.i.e.AbstractTransferListenerAdapter - Downloaded https://repo.maven.apache.org/maven2/org/apache/maven/reporting/maven-reporting/2.0.6/maven-reporting-2.0.6.pom
2026-08-05 10:52:42,191 [Worker-14: Updating Maven Dependencies] INFO  o.e.m.c.i.e.AbstractTransferListenerAdapter - Downloaded https://repo.maven.apache.org/maven2/org/apache/maven/doxia/doxia-sink-api/1.0-alpha-7/doxia-sink-api-1.0-alpha-7.pom
2026-08-05 10:52:42,482 [Worker-14: Updating Maven Dependencies] INFO  o.e.m.c.i.e.AbstractTransferListenerAdapter - Downloaded https://repo.maven.apache.org/maven2/org/apache/maven/doxia/doxia/1.0-alpha-7/doxia-1.0-alpha-7.pom
2026-08-05 10:52:42,660 [Worker-14: Updating Maven Dependencies] INFO  o.e.m.c.i.e.AbstractTransferListenerAdapter - Downloaded https://repo.maven.apache.org/maven2/org/apache/maven/maven-profile/2.0.6/maven-profile-2.0.6.pom
2026-08-05 10:52:42,929 [Worker-14: Updating Maven Dependencies] INFO  o.e.m.c.i.e.AbstractTransferListenerAdapter - Downloaded https://repo.maven.apache.org/maven2/org/apache/maven/maven-artifact/2.0.6/maven-artifact-2.0.6.pom
2026-08-05 10:52:43,117 [Worker-14: Updating Maven Dependencies] INFO  o.e.m.c.i.e.AbstractTransferListenerAdapter - Downloaded https://repo.maven.apache.org/maven2/org/apache/maven/maven-repository-metadata/2.0.6/maven-repository-metadata-2.0.6.pom
2026-08-05 10:52:43,309 [Worker-14: Updating Maven Dependencies] INFO  o.e.m.c.i.e.AbstractTransferListenerAdapter - Downloaded https://repo.maven.apache.org/maven2/org/apache/maven/maven-error-diagnostics/2.0.6/maven-error-diagnostics-2.0.6.pom
2026-08-05 10:52:43,896 [Worker-14: Updating Maven Dependencies] INFO  o.e.m.c.i.e.AbstractTransferListenerAdapter - Downloaded https://repo.maven.apache.org/maven2/org/apache/maven/maven-project/2.0.6/maven-project-2.0.6.pom
2026-08-05 10:52:44,071 [Worker-14: Updating Maven Dependencies] INFO  o.e.m.c.i.e.AbstractTransferListenerAdapter - Downloaded https://repo.maven.apache.org/maven2/org/apache/maven/maven-artifact-manager/2.0.6/maven-artifact-manager-2.0.6.pom
2026-08-05 10:52:44,209 [Worker-14: Updating Maven Dependencies] INFO  o.e.m.c.i.e.AbstractTransferListenerAdapter - Downloaded https://repo.maven.apache.org/maven2/org/apache/maven/maven-plugin-registry/2.0.6/maven-plugin-registry-2.0.6.pom
2026-08-05 10:52:44,319 [Worker-14: Updating Maven Dependencies] INFO  o.e.m.c.i.e.AbstractTransferListenerAdapter - Downloaded https://repo.maven.apache.org/maven2/commons-cli/commons-cli/1.0/commons-cli-1.0.pom
2026-08-05 10:52:44,417 [Worker-14: Updating Maven Dependencies] INFO  o.e.m.c.i.e.AbstractTransferListenerAdapter - Downloaded https://repo.maven.apache.org/maven2/org/apache/maven/maven-plugin-api/2.0.6/maven-plugin-api-2.0.6.pom
2026-08-05 10:52:44,508 [Worker-14: Updating Maven Dependencies] INFO  o.e.m.c.i.e.AbstractTransferListenerAdapter - Downloaded https://repo.maven.apache.org/maven2/org/apache/maven/maven-plugin-descriptor/2.0.6/maven-plugin-descriptor-2.0.6.pom
2026-08-05 10:52:44,593 [Worker-14: Updating Maven Dependencies] INFO  o.e.m.c.i.e.AbstractTransferListenerAdapter - Downloaded https://repo.maven.apache.org/maven2/org/codehaus/plexus/plexus-interactivity-api/1.0-alpha-4/plexus-interactivity-api-1.0-alpha-4.pom
2026-08-05 10:52:44,706 [Worker-14: Updating Maven Dependencies] INFO  o.e.m.c.i.e.AbstractTransferListenerAdapter - Downloaded https://repo.maven.apache.org/maven2/org/apache/maven/maven-monitor/2.0.6/maven-monitor-2.0.6.pom
2026-08-05 10:52:44,834 [Worker-14: Updating Maven Dependencies] INFO  o.e.m.c.i.e.AbstractTransferListenerAdapter - Downloaded https://repo.maven.apache.org/maven2/classworlds/classworlds/1.1/classworlds-1.1.pom
2026-08-05 10:52:44,965 [Worker-14: Updating Maven Dependencies] INFO  o.e.m.c.i.e.AbstractTransferListenerAdapter - Downloaded https://repo.maven.apache.org/maven2/org/codehaus/plexus/plexus-utils/3.0/plexus-utils-3.0.pom
2026-08-05 10:52:45,056 [Worker-14: Updating Maven Dependencies] INFO  o.e.m.c.i.e.AbstractTransferListenerAdapter - Downloaded https://repo.maven.apache.org/maven2/org/sonatype/spice/spice-parent/16/spice-parent-16.pom
2026-08-05 10:52:45,354 [Worker-14: Updating Maven Dependencies] INFO  o.e.m.c.i.e.AbstractTransferListenerAdapter - Downloaded https://repo.maven.apache.org/maven2/org/sonatype/forge/forge-parent/5/forge-parent-5.pom
2026-08-05 10:52:45,456 [Worker-14: Updating Maven Dependencies] INFO  o.e.m.c.i.e.AbstractTransferListenerAdapter - Downloaded https://repo.maven.apache.org/maven2/org/codehaus/plexus/plexus-compiler-api/1.9.1/plexus-compiler-api-1.9.1.pom
2026-08-05 10:52:45,587 [Worker-14: Updating Maven Dependencies] INFO  o.e.m.c.i.e.AbstractTransferListenerAdapter - Downloaded https://repo.maven.apache.org/maven2/org/codehaus/plexus/plexus-compiler/1.9.1/plexus-compiler-1.9.1.pom
2026-08-05 10:52:45,721 [Worker-14: Updating Maven Dependencies] INFO  o.e.m.c.i.e.AbstractTransferListenerAdapter - Downloaded https://repo.maven.apache.org/maven2/org/codehaus/plexus/plexus-components/1.1.20/plexus-components-1.1.20.pom
2026-08-05 10:52:45,881 [Worker-14: Updating Maven Dependencies] INFO  o.e.m.c.i.e.AbstractTransferListenerAdapter - Downloaded https://repo.maven.apache.org/maven2/org/codehaus/plexus/plexus/3.1/plexus-3.1.pom
2026-08-05 10:52:46,074 [Worker-14: Updating Maven Dependencies] INFO  o.e.m.c.i.e.AbstractTransferListenerAdapter - Downloaded https://repo.maven.apache.org/maven2/org/sonatype/spice/spice-parent/17/spice-parent-17.pom
2026-08-05 10:52:46,265 [Worker-14: Updating Maven Dependencies] INFO  o.e.m.c.i.e.AbstractTransferListenerAdapter - Downloaded https://repo.maven.apache.org/maven2/org/sonatype/forge/forge-parent/10/forge-parent-10.pom
2026-08-05 10:52:46,446 [Worker-14: Updating Maven Dependencies] INFO  o.e.m.c.i.e.AbstractTransferListenerAdapter - Downloaded https://repo.maven.apache.org/maven2/org/codehaus/plexus/plexus-compiler-manager/1.9.1/plexus-compiler-manager-1.9.1.pom
2026-08-05 10:52:46,553 [Worker-14: Updating Maven Dependencies] INFO  o.e.m.c.i.e.AbstractTransferListenerAdapter - Downloaded https://repo.maven.apache.org/maven2/org/codehaus/plexus/plexus-compiler-javac/1.9.1/plexus-compiler-javac-1.9.1.pom
2026-08-05 10:52:46,685 [Worker-14: Updating Maven Dependencies] INFO  o.e.m.c.i.e.AbstractTransferListenerAdapter - Downloaded https://repo.maven.apache.org/maven2/org/codehaus/plexus/plexus-compilers/1.9.1/plexus-compilers-1.9.1.pom
2026-08-05 10:52:46,778 [AetherRepositoryConnector-repo.maven.apache.org-0-1] INFO  o.e.m.c.i.e.AbstractTransferListenerAdapter - Downloading https://repo.maven.apache.org/maven2/org/apache/maven/maven-artifact/2.0.9/maven-artifact-2.0.9.jar
2026-08-05 10:52:46,907 [AetherRepositoryConnector-repo.maven.apache.org-0-2] INFO  o.e.m.c.i.e.AbstractTransferListenerAdapter - Downloading https://repo.maven.apache.org/maven2/org/apache/maven/maven-core/2.0.9/maven-core-2.0.9.jar
2026-08-05 10:52:46,976 [AetherRepositoryConnector-repo.maven.apache.org-0-4] INFO  o.e.m.c.i.e.AbstractTransferListenerAdapter - Downloading https://repo.maven.apache.org/maven2/org/apache/maven/maven-plugin-parameter-documenter/2.0.9/maven-plugin-parameter-documenter-2.0.9.jar
2026-08-05 10:52:46,977 [AetherRepositoryConnector-repo.maven.apache.org-0-0] INFO  o.e.m.c.i.e.AbstractTransferListenerAdapter - Downloading https://repo.maven.apache.org/maven2/org/apache/maven/maven-plugin-api/2.0.9/maven-plugin-api-2.0.9.jar
2026-08-05 10:52:46,977 [AetherRepositoryConnector-repo.maven.apache.org-0-3] INFO  o.e.m.c.i.e.AbstractTransferListenerAdapter - Downloading https://repo.maven.apache.org/maven2/org/apache/maven/maven-settings/2.0.9/maven-settings-2.0.9.jar
2026-08-05 10:52:47,013 [AetherRepositoryConnector-repo.maven.apache.org-0-1] INFO  o.e.m.c.i.e.AbstractTransferListenerAdapter - Downloaded https://repo.maven.apache.org/maven2/org/apache/maven/maven-artifact/2.0.9/maven-artifact-2.0.9.jar
2026-08-05 10:52:47,041 [AetherRepositoryConnector-repo.maven.apache.org-0-2] INFO  o.e.m.c.i.e.AbstractTransferListenerAdapter - Downloaded https://repo.maven.apache.org/maven2/org/apache/maven/maven-core/2.0.9/maven-core-2.0.9.jar
2026-08-05 10:52:47,062 [AetherRepositoryConnector-repo.maven.apache.org-0-1] INFO  o.e.m.c.i.e.AbstractTransferListenerAdapter - Downloading https://repo.maven.apache.org/maven2/org/apache/maven/maven-profile/2.0.9/maven-profile-2.0.9.jar
2026-08-05 10:52:47,082 [AetherRepositoryConnector-repo.maven.apache.org-0-2] INFO  o.e.m.c.i.e.AbstractTransferListenerAdapter - Downloading https://repo.maven.apache.org/maven2/org/apache/maven/maven-model/2.0.9/maven-model-2.0.9.jar
2026-08-05 10:52:47,203 [AetherRepositoryConnector-repo.maven.apache.org-0-2] INFO  o.e.m.c.i.e.AbstractTransferListenerAdapter - Downloaded https://repo.maven.apache.org/maven2/org/apache/maven/maven-model/2.0.9/maven-model-2.0.9.jar
2026-08-05 10:52:47,218 [AetherRepositoryConnector-repo.maven.apache.org-0-4] INFO  o.e.m.c.i.e.AbstractTransferListenerAdapter - Downloaded https://repo.maven.apache.org/maven2/org/apache/maven/maven-plugin-parameter-documenter/2.0.9/maven-plugin-parameter-documenter-2.0.9.jar
2026-08-05 10:52:47,218 [AetherRepositoryConnector-repo.maven.apache.org-0-2] INFO  o.e.m.c.i.e.AbstractTransferListenerAdapter - Downloading https://repo.maven.apache.org/maven2/org/apache/maven/maven-repository-metadata/2.0.9/maven-repository-metadata-2.0.9.jar
2026-08-05 10:52:47,239 [AetherRepositoryConnector-repo.maven.apache.org-0-4] INFO  o.e.m.c.i.e.AbstractTransferListenerAdapter - Downloading https://repo.maven.apache.org/maven2/org/apache/maven/maven-error-diagnostics/2.0.9/maven-error-diagnostics-2.0.9.jar
2026-08-05 10:52:47,294 [AetherRepositoryConnector-repo.maven.apache.org-0-0] INFO  o.e.m.c.i.e.AbstractTransferListenerAdapter - Downloaded https://repo.maven.apache.org/maven2/org/apache/maven/maven-plugin-api/2.0.9/maven-plugin-api-2.0.9.jar
2026-08-05 10:52:47,338 [AetherRepositoryConnector-repo.maven.apache.org-0-0] INFO  o.e.m.c.i.e.AbstractTransferListenerAdapter - Downloading https://repo.maven.apache.org/maven2/org/apache/maven/maven-project/2.0.9/maven-project-2.0.9.jar
2026-08-05 10:52:47,451 [AetherRepositoryConnector-repo.maven.apache.org-0-0] INFO  o.e.m.c.i.e.AbstractTransferListenerAdapter - Downloaded https://repo.maven.apache.org/maven2/org/apache/maven/maven-project/2.0.9/maven-project-2.0.9.jar
2026-08-05 10:52:47,468 [AetherRepositoryConnector-repo.maven.apache.org-0-0] INFO  o.e.m.c.i.e.AbstractTransferListenerAdapter - Downloading https://repo.maven.apache.org/maven2/org/apache/maven/maven-plugin-registry/2.0.9/maven-plugin-registry-2.0.9.jar
2026-08-05 10:52:47,502 [AetherRepositoryConnector-repo.maven.apache.org-0-4] INFO  o.e.m.c.i.e.AbstractTransferListenerAdapter - Downloaded https://repo.maven.apache.org/maven2/org/apache/maven/maven-error-diagnostics/2.0.9/maven-error-diagnostics-2.0.9.jar
2026-08-05 10:52:47,519 [AetherRepositoryConnector-repo.maven.apache.org-0-4] INFO  o.e.m.c.i.e.AbstractTransferListenerAdapter - Downloading https://repo.maven.apache.org/maven2/org/apache/maven/maven-plugin-descriptor/2.0.9/maven-plugin-descriptor-2.0.9.jar
2026-08-05 10:52:47,601 [AetherRepositoryConnector-repo.maven.apache.org-0-2] INFO  o.e.m.c.i.e.AbstractTransferListenerAdapter - Downloaded https://repo.maven.apache.org/maven2/org/apache/maven/maven-repository-metadata/2.0.9/maven-repository-metadata-2.0.9.jar
2026-08-05 10:52:47,614 [AetherRepositoryConnector-repo.maven.apache.org-0-1] INFO  o.e.m.c.i.e.AbstractTransferListenerAdapter - Downloaded https://repo.maven.apache.org/maven2/org/apache/maven/maven-profile/2.0.9/maven-profile-2.0.9.jar
2026-08-05 10:52:47,646 [AetherRepositoryConnector-repo.maven.apache.org-0-3] INFO  o.e.m.c.i.e.AbstractTransferListenerAdapter - Downloaded https://repo.maven.apache.org/maven2/org/apache/maven/maven-settings/2.0.9/maven-settings-2.0.9.jar
2026-08-05 10:52:47,651 [AetherRepositoryConnector-repo.maven.apache.org-0-2] INFO  o.e.m.c.i.e.AbstractTransferListenerAdapter - Downloading https://repo.maven.apache.org/maven2/org/apache/maven/maven-artifact-manager/2.0.9/maven-artifact-manager-2.0.9.jar
2026-08-05 10:52:47,651 [AetherRepositoryConnector-repo.maven.apache.org-0-1] INFO  o.e.m.c.i.e.AbstractTransferListenerAdapter - Downloading https://repo.maven.apache.org/maven2/org/apache/maven/maven-monitor/2.0.9/maven-monitor-2.0.9.jar
2026-08-05 10:52:47,672 [AetherRepositoryConnector-repo.maven.apache.org-0-3] INFO  o.e.m.c.i.e.AbstractTransferListenerAdapter - Downloading https://repo.maven.apache.org/maven2/org/apache/maven/maven-toolchain/1.0/maven-toolchain-1.0.jar
2026-08-05 10:52:47,741 [AetherRepositoryConnector-repo.maven.apache.org-0-2] INFO  o.e.m.c.i.e.AbstractTransferListenerAdapter - Downloaded https://repo.maven.apache.org/maven2/org/apache/maven/maven-artifact-manager/2.0.9/maven-artifact-manager-2.0.9.jar
2026-08-05 10:52:47,759 [AetherRepositoryConnector-repo.maven.apache.org-0-3] INFO  o.e.m.c.i.e.AbstractTransferListenerAdapter - Downloaded https://repo.maven.apache.org/maven2/org/apache/maven/maven-toolchain/1.0/maven-toolchain-1.0.jar
2026-08-05 10:52:47,778 [AetherRepositoryConnector-repo.maven.apache.org-0-2] INFO  o.e.m.c.i.e.AbstractTransferListenerAdapter - Downloading https://repo.maven.apache.org/maven2/org/codehaus/plexus/plexus-utils/3.0/plexus-utils-3.0.jar
2026-08-05 10:52:47,804 [AetherRepositoryConnector-repo.maven.apache.org-0-3] INFO  o.e.m.c.i.e.AbstractTransferListenerAdapter - Downloading https://repo.maven.apache.org/maven2/org/codehaus/plexus/plexus-compiler-api/1.9.1/plexus-compiler-api-1.9.1.jar
2026-08-05 10:52:47,873 [AetherRepositoryConnector-repo.maven.apache.org-0-2] INFO  o.e.m.c.i.e.AbstractTransferListenerAdapter - Downloaded https://repo.maven.apache.org/maven2/org/codehaus/plexus/plexus-utils/3.0/plexus-utils-3.0.jar
2026-08-05 10:52:47,900 [AetherRepositoryConnector-repo.maven.apache.org-0-2] INFO  o.e.m.c.i.e.AbstractTransferListenerAdapter - Downloading https://repo.maven.apache.org/maven2/org/codehaus/plexus/plexus-compiler-manager/1.9.1/plexus-compiler-manager-1.9.1.jar
2026-08-05 10:52:47,915 [AetherRepositoryConnector-repo.maven.apache.org-0-0] INFO  o.e.m.c.i.e.AbstractTransferListenerAdapter - Downloaded https://repo.maven.apache.org/maven2/org/apache/maven/maven-plugin-registry/2.0.9/maven-plugin-registry-2.0.9.jar
2026-08-05 10:52:47,929 [AetherRepositoryConnector-repo.maven.apache.org-0-1] INFO  o.e.m.c.i.e.AbstractTransferListenerAdapter - Downloaded https://repo.maven.apache.org/maven2/org/apache/maven/maven-monitor/2.0.9/maven-monitor-2.0.9.jar
2026-08-05 10:52:47,939 [AetherRepositoryConnector-repo.maven.apache.org-0-0] INFO  o.e.m.c.i.e.AbstractTransferListenerAdapter - Downloading https://repo.maven.apache.org/maven2/org/codehaus/plexus/plexus-compiler-javac/1.9.1/plexus-compiler-javac-1.9.1.jar
2026-08-05 10:52:47,984 [AetherRepositoryConnector-repo.maven.apache.org-0-1] INFO  o.e.m.c.i.e.AbstractTransferListenerAdapter - Downloading https://repo.maven.apache.org/maven2/org/codehaus/plexus/plexus-container-default/1.0-alpha-9-stable-1/plexus-container-default-1.0-alpha-9-stable-1.jar
2026-08-05 10:52:48,036 [AetherRepositoryConnector-repo.maven.apache.org-0-4] INFO  o.e.m.c.i.e.AbstractTransferListenerAdapter - Downloaded https://repo.maven.apache.org/maven2/org/apache/maven/maven-plugin-descriptor/2.0.9/maven-plugin-descriptor-2.0.9.jar
2026-08-05 10:52:48,059 [AetherRepositoryConnector-repo.maven.apache.org-0-4] INFO  o.e.m.c.i.e.AbstractTransferListenerAdapter - Downloading https://repo.maven.apache.org/maven2/junit/junit/3.8.1/junit-3.8.1.jar
2026-08-05 10:52:48,106 [AetherRepositoryConnector-repo.maven.apache.org-0-1] INFO  o.e.m.c.i.e.AbstractTransferListenerAdapter - Downloaded https://repo.maven.apache.org/maven2/org/codehaus/plexus/plexus-container-default/1.0-alpha-9-stable-1/plexus-container-default-1.0-alpha-9-stable-1.jar
2026-08-05 10:52:48,160 [AetherRepositoryConnector-repo.maven.apache.org-0-2] INFO  o.e.m.c.i.e.AbstractTransferListenerAdapter - Downloaded https://repo.maven.apache.org/maven2/org/codehaus/plexus/plexus-compiler-manager/1.9.1/plexus-compiler-manager-1.9.1.jar
2026-08-05 10:52:48,163 [AetherRepositoryConnector-repo.maven.apache.org-0-1] INFO  o.e.m.c.i.e.AbstractTransferListenerAdapter - Downloading https://repo.maven.apache.org/maven2/classworlds/classworlds/1.1-alpha-2/classworlds-1.1-alpha-2.jar
2026-08-05 10:52:48,181 [AetherRepositoryConnector-repo.maven.apache.org-0-4] INFO  o.e.m.c.i.e.AbstractTransferListenerAdapter - Downloaded https://repo.maven.apache.org/maven2/junit/junit/3.8.1/junit-3.8.1.jar
2026-08-05 10:52:48,226 [AetherRepositoryConnector-repo.maven.apache.org-0-3] INFO  o.e.m.c.i.e.AbstractTransferListenerAdapter - Downloaded https://repo.maven.apache.org/maven2/org/codehaus/plexus/plexus-compiler-api/1.9.1/plexus-compiler-api-1.9.1.jar
2026-08-05 10:52:48,227 [AetherRepositoryConnector-repo.maven.apache.org-0-0] INFO  o.e.m.c.i.e.AbstractTransferListenerAdapter - Downloaded https://repo.maven.apache.org/maven2/org/codehaus/plexus/plexus-compiler-javac/1.9.1/plexus-compiler-javac-1.9.1.jar
2026-08-05 10:52:48,719 [AetherRepositoryConnector-repo.maven.apache.org-0-1] INFO  o.e.m.c.i.e.AbstractTransferListenerAdapter - Downloaded https://repo.maven.apache.org/maven2/classworlds/classworlds/1.1-alpha-2/classworlds-1.1-alpha-2.jar
2026-08-05 10:52:54,058 [Worker-12: Building workspace] INFO  o.e.m.c.i.l.LifecycleMappingFactory - Using org.maven.ide.eclipse.wtp.WarLifecycleMapping lifecycle mapping for MavenProject: org.zerock:controller:1.0.0-BUILD-SNAPSHOT @ C:\spring_workspace\ex00\pom.xml.
2026-08-05 10:52:54,058 [Worker-14: Updating Maven Dependencies] INFO  o.e.m.c.i.l.LifecycleMappingFactory - Using org.maven.ide.eclipse.wtp.WarLifecycleMapping lifecycle mapping for MavenProject: org.zerock:controller:1.0.0-BUILD-SNAPSHOT @ C:\spring_workspace\ex00\pom.xml.
2026-08-05 10:52:54,216 [Worker-12: Building workspace] INFO  o.e.m.c.i.e.AbstractTransferListenerAdapter - Downloaded https://repo.maven.apache.org/maven2/org/springframework/spring-context/3.1.1.RELEASE/spring-context-3.1.1.RELEASE.pom
2026-08-05 10:52:54,224 [Worker-14: Updating Maven Dependencies] INFO  o.e.m.c.i.e.AbstractTransferListenerAdapter - Downloaded https://repo.maven.apache.org/maven2/org/springframework/spring-context/3.1.1.RELEASE/spring-context-3.1.1.RELEASE.pom
2026-08-05 10:52:54,322 [Worker-12: Building workspace] INFO  o.e.m.c.i.e.AbstractTransferListenerAdapter - Downloaded https://repo.maven.apache.org/maven2/org/springframework/spring-parent/3.1.1.RELEASE/spring-parent-3.1.1.RELEASE.pom
2026-08-05 10:52:54,347 [Worker-14: Updating Maven Dependencies] INFO  o.e.m.c.i.e.AbstractTransferListenerAdapter - Downloaded https://repo.maven.apache.org/maven2/org/springframework/spring-parent/3.1.1.RELEASE/spring-parent-3.1.1.RELEASE.pom
2026-08-05 10:52:54,464 [Worker-14: Updating Maven Dependencies] INFO  o.e.m.c.i.e.AbstractTransferListenerAdapter - Downloaded https://repo.maven.apache.org/maven2/org/springframework/spring-aop/3.1.1.RELEASE/spring-aop-3.1.1.RELEASE.pom
2026-08-05 10:52:54,468 [Worker-12: Building workspace] INFO  o.e.m.c.i.e.AbstractTransferListenerAdapter - Downloaded https://repo.maven.apache.org/maven2/org/springframework/spring-aop/3.1.1.RELEASE/spring-aop-3.1.1.RELEASE.pom
2026-08-05 10:52:54,567 [Worker-14: Updating Maven Dependencies] INFO  o.e.m.c.i.e.AbstractTransferListenerAdapter - Downloaded https://repo.maven.apache.org/maven2/aopalliance/aopalliance/1.0/aopalliance-1.0.pom
2026-08-05 10:52:54,576 [Worker-12: Building workspace] INFO  o.e.m.c.i.e.AbstractTransferListenerAdapter - Downloaded https://repo.maven.apache.org/maven2/aopalliance/aopalliance/1.0/aopalliance-1.0.pom
2026-08-05 10:52:54,674 [Worker-14: Updating Maven Dependencies] INFO  o.e.m.c.i.e.AbstractTransferListenerAdapter - Downloaded https://repo.maven.apache.org/maven2/org/springframework/spring-asm/3.1.1.RELEASE/spring-asm-3.1.1.RELEASE.pom
2026-08-05 10:52:54,681 [Worker-12: Building workspace] INFO  o.e.m.c.i.e.AbstractTransferListenerAdapter - Downloaded https://repo.maven.apache.org/maven2/org/springframework/spring-asm/3.1.1.RELEASE/spring-asm-3.1.1.RELEASE.pom
2026-08-05 10:52:54,785 [Worker-14: Updating Maven Dependencies] INFO  o.e.m.c.i.e.AbstractTransferListenerAdapter - Downloaded https://repo.maven.apache.org/maven2/org/springframework/spring-beans/3.1.1.RELEASE/spring-beans-3.1.1.RELEASE.pom
2026-08-05 10:52:54,818 [Worker-12: Building workspace] INFO  o.e.m.c.i.e.AbstractTransferListenerAdapter - Downloaded https://repo.maven.apache.org/maven2/org/springframework/spring-beans/3.1.1.RELEASE/spring-beans-3.1.1.RELEASE.pom
2026-08-05 10:52:54,914 [Worker-12: Building workspace] INFO  o.e.m.c.i.e.AbstractTransferListenerAdapter - Downloaded https://repo.maven.apache.org/maven2/org/springframework/spring-core/3.1.1.RELEASE/spring-core-3.1.1.RELEASE.pom
2026-08-05 10:52:54,920 [Worker-14: Updating Maven Dependencies] INFO  o.e.m.c.i.e.AbstractTransferListenerAdapter - Downloaded https://repo.maven.apache.org/maven2/org/springframework/spring-core/3.1.1.RELEASE/spring-core-3.1.1.RELEASE.pom
2026-08-05 10:52:54,920 [Worker-12: Building workspace] WARN  o.e.m.c.i.embedder.EclipseLogger - The POM for org.springframework:spring-core:jar:3.1.1.RELEASE is invalid, transitive dependencies (if any) will not be available, enable debug logging for more details
2026-08-05 10:52:55,010 [Worker-12: Building workspace] INFO  o.e.m.c.i.e.AbstractTransferListenerAdapter - Downloaded https://repo.maven.apache.org/maven2/org/springframework/spring-expression/3.1.1.RELEASE/spring-expression-3.1.1.RELEASE.pom
2026-08-05 10:52:55,018 [Worker-14: Updating Maven Dependencies] INFO  o.e.m.c.i.e.AbstractTransferListenerAdapter - Downloaded https://repo.maven.apache.org/maven2/org/springframework/spring-expression/3.1.1.RELEASE/spring-expression-3.1.1.RELEASE.pom
2026-08-05 10:52:55,079 [Worker-12: Building workspace] INFO  o.e.m.c.i.e.AbstractTransferListenerAdapter - Downloaded https://repo.maven.apache.org/maven2/org/springframework/spring-webmvc/3.1.1.RELEASE/spring-webmvc-3.1.1.RELEASE.pom
2026-08-05 10:52:55,107 [Worker-14: Updating Maven Dependencies] INFO  o.e.m.c.i.e.AbstractTransferListenerAdapter - Downloaded https://repo.maven.apache.org/maven2/org/springframework/spring-webmvc/3.1.1.RELEASE/spring-webmvc-3.1.1.RELEASE.pom
2026-08-05 10:52:55,184 [Worker-12: Building workspace] INFO  o.e.m.c.i.e.AbstractTransferListenerAdapter - Downloaded https://repo.maven.apache.org/maven2/org/springframework/spring-context-support/3.1.1.RELEASE/spring-context-support-3.1.1.RELEASE.pom
2026-08-05 10:52:55,223 [Worker-14: Updating Maven Dependencies] INFO  o.e.m.c.i.e.AbstractTransferListenerAdapter - Downloaded https://repo.maven.apache.org/maven2/commons-logging/commons-logging/1.1.1/commons-logging-1.1.1.pom
2026-08-05 10:52:55,282 [Worker-12: Building workspace] INFO  o.e.m.c.i.e.AbstractTransferListenerAdapter - Downloaded https://repo.maven.apache.org/maven2/org/springframework/spring-web/3.1.1.RELEASE/spring-web-3.1.1.RELEASE.pom
2026-08-05 10:52:55,340 [Worker-14: Updating Maven Dependencies] INFO  o.e.m.c.i.e.AbstractTransferListenerAdapter - Downloaded https://repo.maven.apache.org/maven2/org/apache/commons/commons-parent/5/commons-parent-5.pom
2026-08-05 10:52:55,398 [Worker-12: Building workspace] INFO  o.e.m.c.i.e.AbstractTransferListenerAdapter - Downloaded https://repo.maven.apache.org/maven2/org/aspectj/aspectjrt/1.6.10/aspectjrt-1.6.10.pom
2026-08-05 10:52:55,419 [Worker-14: Updating Maven Dependencies] INFO  o.e.m.c.i.e.AbstractTransferListenerAdapter - Downloaded https://repo.maven.apache.org/maven2/org/aspectj/aspectjrt/1.6.10/aspectjrt-1.6.10.pom
2026-08-05 10:52:55,527 [Worker-12: Building workspace] INFO  o.e.m.c.i.e.AbstractTransferListenerAdapter - Downloaded https://repo.maven.apache.org/maven2/org/slf4j/slf4j-api/1.6.6/slf4j-api-1.6.6.pom
2026-08-05 10:52:55,535 [Worker-14: Updating Maven Dependencies] INFO  o.e.m.c.i.e.AbstractTransferListenerAdapter - Downloaded https://repo.maven.apache.org/maven2/org/slf4j/slf4j-api/1.6.6/slf4j-api-1.6.6.pom
2026-08-05 10:52:55,670 [Worker-14: Updating Maven Dependencies] INFO  o.e.m.c.i.e.AbstractTransferListenerAdapter - Downloaded https://repo.maven.apache.org/maven2/org/slf4j/slf4j-parent/1.6.6/slf4j-parent-1.6.6.pom
2026-08-05 10:52:55,676 [Worker-14: Updating Maven Dependencies] WARN  o.e.m.c.i.embedder.EclipseLogger - The POM for org.slf4j:slf4j-api:jar:1.6.6 is invalid, transitive dependencies (if any) will not be available, enable debug logging for more details
2026-08-05 10:52:55,676 [Worker-12: Building workspace] INFO  o.e.m.c.i.e.AbstractTransferListenerAdapter - Downloaded https://repo.maven.apache.org/maven2/org/slf4j/slf4j-parent/1.6.6/slf4j-parent-1.6.6.pom
2026-08-05 10:52:55,814 [Worker-14: Updating Maven Dependencies] INFO  o.e.m.c.i.e.AbstractTransferListenerAdapter - Downloaded https://repo.maven.apache.org/maven2/org/slf4j/jcl-over-slf4j/1.6.6/jcl-over-slf4j-1.6.6.pom
2026-08-05 10:52:55,829 [Worker-12: Building workspace] INFO  o.e.m.c.i.e.AbstractTransferListenerAdapter - Downloaded https://repo.maven.apache.org/maven2/org/slf4j/jcl-over-slf4j/1.6.6/jcl-over-slf4j-1.6.6.pom
2026-08-05 10:52:55,934 [Worker-14: Updating Maven Dependencies] INFO  o.e.m.c.i.e.AbstractTransferListenerAdapter - Downloaded https://repo.maven.apache.org/maven2/org/slf4j/slf4j-log4j12/1.6.6/slf4j-log4j12-1.6.6.pom
2026-08-05 10:52:55,939 [Worker-12: Building workspace] INFO  o.e.m.c.i.e.AbstractTransferListenerAdapter - Downloaded https://repo.maven.apache.org/maven2/org/slf4j/slf4j-log4j12/1.6.6/slf4j-log4j12-1.6.6.pom
2026-08-05 10:52:56,046 [Worker-14: Updating Maven Dependencies] INFO  o.e.m.c.i.e.AbstractTransferListenerAdapter - Downloaded https://repo.maven.apache.org/maven2/log4j/log4j/1.2.17/log4j-1.2.17.pom
2026-08-05 10:52:56,108 [Worker-12: Building workspace] INFO  o.e.m.c.i.e.AbstractTransferListenerAdapter - Downloaded https://repo.maven.apache.org/maven2/log4j/log4j/1.2.17/log4j-1.2.17.pom
2026-08-05 10:52:56,191 [Worker-14: Updating Maven Dependencies] INFO  o.e.m.c.i.e.AbstractTransferListenerAdapter - Downloaded https://repo.maven.apache.org/maven2/log4j/log4j/1.2.15/log4j-1.2.15.pom
2026-08-05 10:52:56,231 [Worker-12: Building workspace] INFO  o.e.m.c.i.e.AbstractTransferListenerAdapter - Downloaded https://repo.maven.apache.org/maven2/log4j/log4j/1.2.15/log4j-1.2.15.pom
2026-08-05 10:52:56,291 [Worker-14: Updating Maven Dependencies] INFO  o.e.m.c.i.e.AbstractTransferListenerAdapter - Downloaded https://repo.maven.apache.org/maven2/javax/inject/javax.inject/1/javax.inject-1.pom
2026-08-05 10:52:56,339 [Worker-12: Building workspace] INFO  o.e.m.c.i.e.AbstractTransferListenerAdapter - Downloaded https://repo.maven.apache.org/maven2/javax/inject/javax.inject/1/javax.inject-1.pom
2026-08-05 10:52:56,406 [Worker-14: Updating Maven Dependencies] INFO  o.e.m.c.i.e.AbstractTransferListenerAdapter - Downloaded https://repo.maven.apache.org/maven2/javax/servlet/servlet-api/2.5/servlet-api-2.5.pom
2026-08-05 10:52:56,439 [Worker-12: Building workspace] INFO  o.e.m.c.i.e.AbstractTransferListenerAdapter - Downloaded https://repo.maven.apache.org/maven2/javax/servlet/servlet-api/2.5/servlet-api-2.5.pom
2026-08-05 10:52:56,516 [Worker-14: Updating Maven Dependencies] INFO  o.e.m.c.i.e.AbstractTransferListenerAdapter - Downloaded https://repo.maven.apache.org/maven2/javax/servlet/jsp/jsp-api/2.1/jsp-api-2.1.pom
2026-08-05 10:52:56,556 [Worker-12: Building workspace] INFO  o.e.m.c.i.e.AbstractTransferListenerAdapter - Downloaded https://repo.maven.apache.org/maven2/javax/servlet/jsp/jsp-api/2.1/jsp-api-2.1.pom
2026-08-05 10:52:56,626 [Worker-14: Updating Maven Dependencies] INFO  o.e.m.c.i.e.AbstractTransferListenerAdapter - Downloaded https://repo.maven.apache.org/maven2/javax/servlet/jstl/1.2/jstl-1.2.pom
2026-08-05 10:52:56,640 [Worker-12: Building workspace] INFO  o.e.m.c.i.e.AbstractTransferListenerAdapter - Downloaded https://repo.maven.apache.org/maven2/javax/servlet/jstl/1.2/jstl-1.2.pom
2026-08-05 10:52:56,742 [Worker-14: Updating Maven Dependencies] INFO  o.e.m.c.i.e.AbstractTransferListenerAdapter - Downloaded https://repo.maven.apache.org/maven2/junit/junit/4.7/junit-4.7.pom
2026-08-05 10:52:56,755 [Worker-12: Building workspace] INFO  o.e.m.c.i.e.AbstractTransferListenerAdapter - Downloaded https://repo.maven.apache.org/maven2/junit/junit/4.7/junit-4.7.pom
2026-08-05 10:52:56,786 [AetherRepositoryConnector-repo.maven.apache.org-1-2] INFO  o.e.m.c.i.e.AbstractTransferListenerAdapter - Downloading https://repo.maven.apache.org/maven2/aopalliance/aopalliance/1.0/aopalliance-1.0.jar
2026-08-05 10:52:56,789 [AetherRepositoryConnector-repo.maven.apache.org-2-2] INFO  o.e.m.c.i.e.AbstractTransferListenerAdapter - Downloading https://repo.maven.apache.org/maven2/aopalliance/aopalliance/1.0/aopalliance-1.0.jar
2026-08-05 10:52:56,789 [AetherRepositoryConnector-repo.maven.apache.org-1-1] INFO  o.e.m.c.i.e.AbstractTransferListenerAdapter - Downloading https://repo.maven.apache.org/maven2/org/springframework/spring-aop/3.1.1.RELEASE/spring-aop-3.1.1.RELEASE.jar
2026-08-05 10:52:56,800 [AetherRepositoryConnector-repo.maven.apache.org-2-4] INFO  o.e.m.c.i.e.AbstractTransferListenerAdapter - Downloading https://repo.maven.apache.org/maven2/org/springframework/spring-core/3.1.1.RELEASE/spring-core-3.1.1.RELEASE.jar
2026-08-05 10:52:56,815 [AetherRepositoryConnector-repo.maven.apache.org-1-4] INFO  o.e.m.c.i.e.AbstractTransferListenerAdapter - Downloading https://repo.maven.apache.org/maven2/org/springframework/spring-core/3.1.1.RELEASE/spring-core-3.1.1.RELEASE.jar
2026-08-05 10:52:56,820 [AetherRepositoryConnector-repo.maven.apache.org-1-3] INFO  o.e.m.c.i.e.AbstractTransferListenerAdapter - Downloading https://repo.maven.apache.org/maven2/org/springframework/spring-beans/3.1.1.RELEASE/spring-beans-3.1.1.RELEASE.jar
2026-08-05 10:52:56,820 [AetherRepositoryConnector-repo.maven.apache.org-1-0] INFO  o.e.m.c.i.e.AbstractTransferListenerAdapter - Downloading https://repo.maven.apache.org/maven2/org/springframework/spring-context/3.1.1.RELEASE/spring-context-3.1.1.RELEASE.jar
2026-08-05 10:52:56,835 [AetherRepositoryConnector-repo.maven.apache.org-2-3] INFO  o.e.m.c.i.e.AbstractTransferListenerAdapter - Downloading https://repo.maven.apache.org/maven2/org/springframework/spring-beans/3.1.1.RELEASE/spring-beans-3.1.1.RELEASE.jar
2026-08-05 10:52:56,835 [AetherRepositoryConnector-repo.maven.apache.org-2-1] INFO  o.e.m.c.i.e.AbstractTransferListenerAdapter - Downloading https://repo.maven.apache.org/maven2/org/springframework/spring-aop/3.1.1.RELEASE/spring-aop-3.1.1.RELEASE.jar
2026-08-05 10:52:56,835 [AetherRepositoryConnector-repo.maven.apache.org-2-0] INFO  o.e.m.c.i.e.AbstractTransferListenerAdapter - Downloading https://repo.maven.apache.org/maven2/org/springframework/spring-context/3.1.1.RELEASE/spring-context-3.1.1.RELEASE.jar
2026-08-05 10:52:57,118 [AetherRepositoryConnector-repo.maven.apache.org-2-2] INFO  o.e.m.c.i.e.AbstractTransferListenerAdapter - Downloaded https://repo.maven.apache.org/maven2/aopalliance/aopalliance/1.0/aopalliance-1.0.jar
2026-08-05 10:52:57,134 [AetherRepositoryConnector-repo.maven.apache.org-1-2] INFO  o.e.m.c.i.e.AbstractTransferListenerAdapter - Downloaded https://repo.maven.apache.org/maven2/aopalliance/aopalliance/1.0/aopalliance-1.0.jar
2026-08-05 10:52:57,155 [AetherRepositoryConnector-repo.maven.apache.org-2-2] INFO  o.e.m.c.i.e.AbstractTransferListenerAdapter - Downloading https://repo.maven.apache.org/maven2/org/springframework/spring-expression/3.1.1.RELEASE/spring-expression-3.1.1.RELEASE.jar
2026-08-05 10:52:57,161 [AetherRepositoryConnector-repo.maven.apache.org-1-2] INFO  o.e.m.c.i.e.AbstractTransferListenerAdapter - Downloading https://repo.maven.apache.org/maven2/org/springframework/spring-expression/3.1.1.RELEASE/spring-expression-3.1.1.RELEASE.jar
2026-08-05 10:52:57,402 [AetherRepositoryConnector-repo.maven.apache.org-2-4] INFO  o.e.m.c.i.e.AbstractTransferListenerAdapter - Downloaded https://repo.maven.apache.org/maven2/org/springframework/spring-core/3.1.1.RELEASE/spring-core-3.1.1.RELEASE.jar
2026-08-05 10:52:57,403 [AetherRepositoryConnector-repo.maven.apache.org-2-1] INFO  o.e.m.c.i.e.AbstractTransferListenerAdapter - Downloaded https://repo.maven.apache.org/maven2/org/springframework/spring-aop/3.1.1.RELEASE/spring-aop-3.1.1.RELEASE.jar
2026-08-05 10:52:57,413 [AetherRepositoryConnector-repo.maven.apache.org-2-2] INFO  o.e.m.c.i.e.AbstractTransferListenerAdapter - Downloaded https://repo.maven.apache.org/maven2/org/springframework/spring-expression/3.1.1.RELEASE/spring-expression-3.1.1.RELEASE.jar
2026-08-05 10:52:57,430 [AetherRepositoryConnector-repo.maven.apache.org-2-4] INFO  o.e.m.c.i.e.AbstractTransferListenerAdapter - Downloading https://repo.maven.apache.org/maven2/org/springframework/spring-asm/3.1.1.RELEASE/spring-asm-3.1.1.RELEASE.jar
2026-08-05 10:52:57,442 [AetherRepositoryConnector-repo.maven.apache.org-1-1] INFO  o.e.m.c.i.e.AbstractTransferListenerAdapter - Downloaded https://repo.maven.apache.org/maven2/org/springframework/spring-aop/3.1.1.RELEASE/spring-aop-3.1.1.RELEASE.jar
2026-08-05 10:52:57,453 [AetherRepositoryConnector-repo.maven.apache.org-2-1] INFO  o.e.m.c.i.e.AbstractTransferListenerAdapter - Downloading https://repo.maven.apache.org/maven2/org/springframework/spring-webmvc/3.1.1.RELEASE/spring-webmvc-3.1.1.RELEASE.jar
2026-08-05 10:52:57,460 [AetherRepositoryConnector-repo.maven.apache.org-1-4] INFO  o.e.m.c.i.e.AbstractTransferListenerAdapter - Downloaded https://repo.maven.apache.org/maven2/org/springframework/spring-core/3.1.1.RELEASE/spring-core-3.1.1.RELEASE.jar
2026-08-05 10:52:57,476 [AetherRepositoryConnector-repo.maven.apache.org-1-2] INFO  o.e.m.c.i.e.AbstractTransferListenerAdapter - Downloaded https://repo.maven.apache.org/maven2/org/springframework/spring-expression/3.1.1.RELEASE/spring-expression-3.1.1.RELEASE.jar
2026-08-05 10:52:57,494 [AetherRepositoryConnector-repo.maven.apache.org-2-2] INFO  o.e.m.c.i.e.AbstractTransferListenerAdapter - Downloading https://repo.maven.apache.org/maven2/org/springframework/spring-context-support/3.1.1.RELEASE/spring-context-support-3.1.1.RELEASE.jar
2026-08-05 10:52:57,516 [AetherRepositoryConnector-repo.maven.apache.org-1-1] INFO  o.e.m.c.i.e.AbstractTransferListenerAdapter - Downloading https://repo.maven.apache.org/maven2/org/springframework/spring-asm/3.1.1.RELEASE/spring-asm-3.1.1.RELEASE.jar
2026-08-05 10:52:57,535 [AetherRepositoryConnector-repo.maven.apache.org-1-4] INFO  o.e.m.c.i.e.AbstractTransferListenerAdapter - Downloading https://repo.maven.apache.org/maven2/org/springframework/spring-webmvc/3.1.1.RELEASE/spring-webmvc-3.1.1.RELEASE.jar
2026-08-05 10:52:57,550 [AetherRepositoryConnector-repo.maven.apache.org-2-0] INFO  o.e.m.c.i.e.AbstractTransferListenerAdapter - Downloaded https://repo.maven.apache.org/maven2/org/springframework/spring-context/3.1.1.RELEASE/spring-context-3.1.1.RELEASE.jar
2026-08-05 10:52:57,558 [AetherRepositoryConnector-repo.maven.apache.org-2-3] INFO  o.e.m.c.i.e.AbstractTransferListenerAdapter - Downloaded https://repo.maven.apache.org/maven2/org/springframework/spring-beans/3.1.1.RELEASE/spring-beans-3.1.1.RELEASE.jar
2026-08-05 10:52:57,560 [AetherRepositoryConnector-repo.maven.apache.org-1-2] INFO  o.e.m.c.i.e.AbstractTransferListenerAdapter - Downloading https://repo.maven.apache.org/maven2/org/springframework/spring-context-support/3.1.1.RELEASE/spring-context-support-3.1.1.RELEASE.jar
2026-08-05 10:52:57,571 [AetherRepositoryConnector-repo.maven.apache.org-2-4] INFO  o.e.m.c.i.e.AbstractTransferListenerAdapter - Downloaded https://repo.maven.apache.org/maven2/org/springframework/spring-asm/3.1.1.RELEASE/spring-asm-3.1.1.RELEASE.jar
2026-08-05 10:52:57,627 [AetherRepositoryConnector-repo.maven.apache.org-2-0] INFO  o.e.m.c.i.e.AbstractTransferListenerAdapter - Downloading https://repo.maven.apache.org/maven2/org/springframework/spring-web/3.1.1.RELEASE/spring-web-3.1.1.RELEASE.jar
2026-08-05 10:52:57,689 [AetherRepositoryConnector-repo.maven.apache.org-2-3] INFO  o.e.m.c.i.e.AbstractTransferListenerAdapter - Downloading https://repo.maven.apache.org/maven2/org/aspectj/aspectjrt/1.6.10/aspectjrt-1.6.10.jar
2026-08-05 10:52:57,716 [AetherRepositoryConnector-repo.maven.apache.org-2-4] INFO  o.e.m.c.i.e.AbstractTransferListenerAdapter - Downloading https://repo.maven.apache.org/maven2/org/slf4j/slf4j-api/1.6.6/slf4j-api-1.6.6.jar
2026-08-05 10:52:57,723 [AetherRepositoryConnector-repo.maven.apache.org-1-3] INFO  o.e.m.c.i.e.AbstractTransferListenerAdapter - Downloaded https://repo.maven.apache.org/maven2/org/springframework/spring-beans/3.1.1.RELEASE/spring-beans-3.1.1.RELEASE.jar
2026-08-05 10:52:57,735 [AetherRepositoryConnector-repo.maven.apache.org-1-0] INFO  o.e.m.c.i.e.AbstractTransferListenerAdapter - Downloaded https://repo.maven.apache.org/maven2/org/springframework/spring-context/3.1.1.RELEASE/spring-context-3.1.1.RELEASE.jar
2026-08-05 10:52:57,738 [AetherRepositoryConnector-repo.maven.apache.org-1-1] INFO  o.e.m.c.i.e.AbstractTransferListenerAdapter - Downloaded https://repo.maven.apache.org/maven2/org/springframework/spring-asm/3.1.1.RELEASE/spring-asm-3.1.1.RELEASE.jar
2026-08-05 10:52:57,810 [AetherRepositoryConnector-repo.maven.apache.org-1-1] INFO  o.e.m.c.i.e.AbstractTransferListenerAdapter - Downloading https://repo.maven.apache.org/maven2/org/slf4j/slf4j-api/1.6.6/slf4j-api-1.6.6.jar
2026-08-05 10:52:57,810 [AetherRepositoryConnector-repo.maven.apache.org-1-0] INFO  o.e.m.c.i.e.AbstractTransferListenerAdapter - Downloading https://repo.maven.apache.org/maven2/org/aspectj/aspectjrt/1.6.10/aspectjrt-1.6.10.jar
2026-08-05 10:52:57,810 [AetherRepositoryConnector-repo.maven.apache.org-1-3] INFO  o.e.m.c.i.e.AbstractTransferListenerAdapter - Downloading https://repo.maven.apache.org/maven2/org/springframework/spring-web/3.1.1.RELEASE/spring-web-3.1.1.RELEASE.jar
2026-08-05 10:52:57,819 [AetherRepositoryConnector-repo.maven.apache.org-2-1] INFO  o.e.m.c.i.e.AbstractTransferListenerAdapter - Downloaded https://repo.maven.apache.org/maven2/org/springframework/spring-webmvc/3.1.1.RELEASE/spring-webmvc-3.1.1.RELEASE.jar
2026-08-05 10:52:57,824 [AetherRepositoryConnector-repo.maven.apache.org-2-2] INFO  o.e.m.c.i.e.AbstractTransferListenerAdapter - Downloaded https://repo.maven.apache.org/maven2/org/springframework/spring-context-support/3.1.1.RELEASE/spring-context-support-3.1.1.RELEASE.jar
2026-08-05 10:52:57,911 [AetherRepositoryConnector-repo.maven.apache.org-2-2] INFO  o.e.m.c.i.e.AbstractTransferListenerAdapter - Downloading https://repo.maven.apache.org/maven2/org/slf4j/slf4j-log4j12/1.6.6/slf4j-log4j12-1.6.6.jar
2026-08-05 10:52:57,911 [AetherRepositoryConnector-repo.maven.apache.org-2-1] INFO  o.e.m.c.i.e.AbstractTransferListenerAdapter - Downloading https://repo.maven.apache.org/maven2/org/slf4j/jcl-over-slf4j/1.6.6/jcl-over-slf4j-1.6.6.jar
2026-08-05 10:52:57,912 [AetherRepositoryConnector-repo.maven.apache.org-2-3] INFO  o.e.m.c.i.e.AbstractTransferListenerAdapter - Downloaded https://repo.maven.apache.org/maven2/org/aspectj/aspectjrt/1.6.10/aspectjrt-1.6.10.jar
2026-08-05 10:52:57,936 [AetherRepositoryConnector-repo.maven.apache.org-2-3] INFO  o.e.m.c.i.e.AbstractTransferListenerAdapter - Downloading https://repo.maven.apache.org/maven2/log4j/log4j/1.2.15/log4j-1.2.15.jar
2026-08-05 10:52:57,938 [AetherRepositoryConnector-repo.maven.apache.org-1-2] INFO  o.e.m.c.i.e.AbstractTransferListenerAdapter - Downloaded https://repo.maven.apache.org/maven2/org/springframework/spring-context-support/3.1.1.RELEASE/spring-context-support-3.1.1.RELEASE.jar
2026-08-05 10:52:57,969 [AetherRepositoryConnector-repo.maven.apache.org-1-4] INFO  o.e.m.c.i.e.AbstractTransferListenerAdapter - Downloaded https://repo.maven.apache.org/maven2/org/springframework/spring-webmvc/3.1.1.RELEASE/spring-webmvc-3.1.1.RELEASE.jar
2026-08-05 10:52:57,969 [AetherRepositoryConnector-repo.maven.apache.org-1-2] INFO  o.e.m.c.i.e.AbstractTransferListenerAdapter - Downloading https://repo.maven.apache.org/maven2/org/slf4j/jcl-over-slf4j/1.6.6/jcl-over-slf4j-1.6.6.jar
2026-08-05 10:52:57,978 [AetherRepositoryConnector-repo.maven.apache.org-1-0] INFO  o.e.m.c.i.e.AbstractTransferListenerAdapter - Downloaded https://repo.maven.apache.org/maven2/org/aspectj/aspectjrt/1.6.10/aspectjrt-1.6.10.jar
2026-08-05 10:52:57,991 [AetherRepositoryConnector-repo.maven.apache.org-1-4] INFO  o.e.m.c.i.e.AbstractTransferListenerAdapter - Downloading https://repo.maven.apache.org/maven2/org/slf4j/slf4j-log4j12/1.6.6/slf4j-log4j12-1.6.6.jar
2026-08-05 10:52:58,026 [AetherRepositoryConnector-repo.maven.apache.org-1-0] INFO  o.e.m.c.i.e.AbstractTransferListenerAdapter - Downloading https://repo.maven.apache.org/maven2/log4j/log4j/1.2.15/log4j-1.2.15.jar
2026-08-05 10:52:58,040 [AetherRepositoryConnector-repo.maven.apache.org-2-0] INFO  o.e.m.c.i.e.AbstractTransferListenerAdapter - Downloaded https://repo.maven.apache.org/maven2/org/springframework/spring-web/3.1.1.RELEASE/spring-web-3.1.1.RELEASE.jar
2026-08-05 10:52:58,089 [AetherRepositoryConnector-repo.maven.apache.org-2-3] INFO  o.e.m.c.i.e.AbstractTransferListenerAdapter - Downloaded https://repo.maven.apache.org/maven2/log4j/log4j/1.2.15/log4j-1.2.15.jar
2026-08-05 10:52:58,120 [AetherRepositoryConnector-repo.maven.apache.org-2-0] INFO  o.e.m.c.i.e.AbstractTransferListenerAdapter - Downloading https://repo.maven.apache.org/maven2/javax/inject/javax.inject/1/javax.inject-1.jar
2026-08-05 10:52:58,127 [AetherRepositoryConnector-repo.maven.apache.org-1-3] INFO  o.e.m.c.i.e.AbstractTransferListenerAdapter - Downloaded https://repo.maven.apache.org/maven2/org/springframework/spring-web/3.1.1.RELEASE/spring-web-3.1.1.RELEASE.jar
2026-08-05 10:52:58,149 [AetherRepositoryConnector-repo.maven.apache.org-2-3] INFO  o.e.m.c.i.e.AbstractTransferListenerAdapter - Downloading https://repo.maven.apache.org/maven2/javax/servlet/servlet-api/2.5/servlet-api-2.5.jar
2026-08-05 10:52:58,172 [AetherRepositoryConnector-repo.maven.apache.org-2-2] INFO  o.e.m.c.i.e.AbstractTransferListenerAdapter - Downloaded https://repo.maven.apache.org/maven2/org/slf4j/slf4j-log4j12/1.6.6/slf4j-log4j12-1.6.6.jar
2026-08-05 10:52:58,184 [AetherRepositoryConnector-repo.maven.apache.org-1-3] INFO  o.e.m.c.i.e.AbstractTransferListenerAdapter - Downloading https://repo.maven.apache.org/maven2/javax/inject/javax.inject/1/javax.inject-1.jar
2026-08-05 10:52:58,199 [AetherRepositoryConnector-repo.maven.apache.org-2-0] INFO  o.e.m.c.i.e.AbstractTransferListenerAdapter - Downloaded https://repo.maven.apache.org/maven2/javax/inject/javax.inject/1/javax.inject-1.jar
2026-08-05 10:52:58,200 [AetherRepositoryConnector-repo.maven.apache.org-2-1] INFO  o.e.m.c.i.e.AbstractTransferListenerAdapter - Downloaded https://repo.maven.apache.org/maven2/org/slf4j/jcl-over-slf4j/1.6.6/jcl-over-slf4j-1.6.6.jar
2026-08-05 10:52:58,206 [AetherRepositoryConnector-repo.maven.apache.org-2-2] INFO  o.e.m.c.i.e.AbstractTransferListenerAdapter - Downloading https://repo.maven.apache.org/maven2/javax/servlet/jsp/jsp-api/2.1/jsp-api-2.1.jar
2026-08-05 10:52:58,219 [AetherRepositoryConnector-repo.maven.apache.org-1-0] INFO  o.e.m.c.i.e.AbstractTransferListenerAdapter - Downloaded https://repo.maven.apache.org/maven2/log4j/log4j/1.2.15/log4j-1.2.15.jar
2026-08-05 10:52:58,234 [AetherRepositoryConnector-repo.maven.apache.org-2-0] INFO  o.e.m.c.i.e.AbstractTransferListenerAdapter - Downloading https://repo.maven.apache.org/maven2/javax/servlet/jstl/1.2/jstl-1.2.jar
2026-08-05 10:52:58,239 [AetherRepositoryConnector-repo.maven.apache.org-1-3] INFO  o.e.m.c.i.e.AbstractTransferListenerAdapter - Downloaded https://repo.maven.apache.org/maven2/javax/inject/javax.inject/1/javax.inject-1.jar
2026-08-05 10:52:58,302 [AetherRepositoryConnector-repo.maven.apache.org-1-0] INFO  o.e.m.c.i.e.AbstractTransferListenerAdapter - Downloading https://repo.maven.apache.org/maven2/javax/servlet/servlet-api/2.5/servlet-api-2.5.jar
2026-08-05 10:52:58,302 [AetherRepositoryConnector-repo.maven.apache.org-2-1] INFO  o.e.m.c.i.e.AbstractTransferListenerAdapter - Downloading https://repo.maven.apache.org/maven2/junit/junit/4.7/junit-4.7.jar
2026-08-05 10:52:58,345 [AetherRepositoryConnector-repo.maven.apache.org-1-3] INFO  o.e.m.c.i.e.AbstractTransferListenerAdapter - Downloading https://repo.maven.apache.org/maven2/javax/servlet/jsp/jsp-api/2.1/jsp-api-2.1.jar
2026-08-05 10:52:58,368 [AetherRepositoryConnector-repo.maven.apache.org-1-4] INFO  o.e.m.c.i.e.AbstractTransferListenerAdapter - Downloaded https://repo.maven.apache.org/maven2/org/slf4j/slf4j-log4j12/1.6.6/slf4j-log4j12-1.6.6.jar
2026-08-05 10:52:58,402 [AetherRepositoryConnector-repo.maven.apache.org-1-0] INFO  o.e.m.c.i.e.AbstractTransferListenerAdapter - Downloaded https://repo.maven.apache.org/maven2/javax/servlet/servlet-api/2.5/servlet-api-2.5.jar
2026-08-05 10:52:58,403 [AetherRepositoryConnector-repo.maven.apache.org-1-4] INFO  o.e.m.c.i.e.AbstractTransferListenerAdapter - Downloading https://repo.maven.apache.org/maven2/javax/servlet/jstl/1.2/jstl-1.2.jar
2026-08-05 10:52:58,407 [AetherRepositoryConnector-repo.maven.apache.org-2-4] INFO  o.e.m.c.i.e.AbstractTransferListenerAdapter - Downloaded https://repo.maven.apache.org/maven2/org/slf4j/slf4j-api/1.6.6/slf4j-api-1.6.6.jar
2026-08-05 10:52:58,415 [AetherRepositoryConnector-repo.maven.apache.org-2-3] INFO  o.e.m.c.i.e.AbstractTransferListenerAdapter - Downloaded https://repo.maven.apache.org/maven2/javax/servlet/servlet-api/2.5/servlet-api-2.5.jar
2026-08-05 10:52:58,418 [AetherRepositoryConnector-repo.maven.apache.org-2-2] INFO  o.e.m.c.i.e.AbstractTransferListenerAdapter - Downloaded https://repo.maven.apache.org/maven2/javax/servlet/jsp/jsp-api/2.1/jsp-api-2.1.jar
2026-08-05 10:52:58,456 [AetherRepositoryConnector-repo.maven.apache.org-1-0] INFO  o.e.m.c.i.e.AbstractTransferListenerAdapter - Downloading https://repo.maven.apache.org/maven2/junit/junit/4.7/junit-4.7.jar
2026-08-05 10:52:58,488 [AetherRepositoryConnector-repo.maven.apache.org-2-0] INFO  o.e.m.c.i.e.AbstractTransferListenerAdapter - Downloaded https://repo.maven.apache.org/maven2/javax/servlet/jstl/1.2/jstl-1.2.jar
2026-08-05 10:52:58,519 [AetherRepositoryConnector-repo.maven.apache.org-2-1] INFO  o.e.m.c.i.e.AbstractTransferListenerAdapter - Downloaded https://repo.maven.apache.org/maven2/junit/junit/4.7/junit-4.7.jar
2026-08-05 10:52:58,529 [AetherRepositoryConnector-repo.maven.apache.org-1-3] INFO  o.e.m.c.i.e.AbstractTransferListenerAdapter - Downloaded https://repo.maven.apache.org/maven2/javax/servlet/jsp/jsp-api/2.1/jsp-api-2.1.jar
2026-08-05 10:52:58,588 [AetherRepositoryConnector-repo.maven.apache.org-1-2] INFO  o.e.m.c.i.e.AbstractTransferListenerAdapter - Downloaded https://repo.maven.apache.org/maven2/org/slf4j/jcl-over-slf4j/1.6.6/jcl-over-slf4j-1.6.6.jar
2026-08-05 10:52:58,615 [AetherRepositoryConnector-repo.maven.apache.org-1-4] INFO  o.e.m.c.i.e.AbstractTransferListenerAdapter - Downloaded https://repo.maven.apache.org/maven2/javax/servlet/jstl/1.2/jstl-1.2.jar
2026-08-05 10:52:58,624 [AetherRepositoryConnector-repo.maven.apache.org-1-0] INFO  o.e.m.c.i.e.AbstractTransferListenerAdapter - Downloaded https://repo.maven.apache.org/maven2/junit/junit/4.7/junit-4.7.jar
2026-08-05 10:52:58,980 [AetherRepositoryConnector-repo.maven.apache.org-1-1] INFO  o.e.m.c.i.e.AbstractTransferListenerAdapter - Downloaded https://repo.maven.apache.org/maven2/org/slf4j/slf4j-api/1.6.6/slf4j-api-1.6.6.jar
2026-08-05 10:53:00,698 [Worker-14: Updating Maven Dependencies] WARN  o.e.a.i.i.DefaultRepositoryEventDispatcher - Failed to dispatch repository event to org.eclipse.m2e.core.internal.embedder.EclipseRepositoryListener: null
2026-08-05 10:53:00,950 [Worker-12: Building workspace] INFO  o.e.m.c.i.e.AbstractTransferListenerAdapter - Downloaded https://repo.maven.apache.org/maven2/org/apache/maven/plugins/maven-eclipse-plugin/2.9/maven-eclipse-plugin-2.9.pom
2026-08-05 10:53:01,014 [Worker-12: Building workspace] INFO  o.e.m.c.i.e.AbstractTransferListenerAdapter - Downloading https://repo.maven.apache.org/maven2/org/apache/maven/plugins/maven-eclipse-plugin/2.9/maven-eclipse-plugin-2.9.jar
2026-08-05 10:53:01,237 [Worker-12: Building workspace] INFO  o.e.m.c.i.e.AbstractTransferListenerAdapter - Downloaded https://repo.maven.apache.org/maven2/org/apache/maven/plugins/maven-eclipse-plugin/2.9/maven-eclipse-plugin-2.9.jar
2026-08-05 10:53:01,464 [Worker-12: Building workspace] INFO  o.e.m.c.i.e.AbstractTransferListenerAdapter - Downloaded https://repo.maven.apache.org/maven2/org/codehaus/mojo/exec-maven-plugin/1.2.1/exec-maven-plugin-1.2.1.pom
2026-08-05 10:53:01,682 [Worker-12: Building workspace] INFO  o.e.m.c.i.e.AbstractTransferListenerAdapter - Downloaded https://repo.maven.apache.org/maven2/org/codehaus/mojo/mojo-parent/28/mojo-parent-28.pom
2026-08-05 10:53:01,790 [Worker-12: Building workspace] INFO  o.e.m.c.i.e.AbstractTransferListenerAdapter - Downloaded https://repo.maven.apache.org/maven2/org/codehaus/codehaus-parent/3/codehaus-parent-3.pom
2026-08-05 10:53:01,845 [Worker-12: Building workspace] INFO  o.e.m.c.i.e.AbstractTransferListenerAdapter - Downloading https://repo.maven.apache.org/maven2/org/codehaus/mojo/exec-maven-plugin/1.2.1/exec-maven-plugin-1.2.1.jar
2026-08-05 10:53:02,047 [Worker-12: Building workspace] INFO  o.e.m.c.i.e.AbstractTransferListenerAdapter - Downloaded https://repo.maven.apache.org/maven2/org/codehaus/mojo/exec-maven-plugin/1.2.1/exec-maven-plugin-1.2.1.jar
2026-08-05 10:53:02,348 [Worker-12: Building workspace] INFO  o.e.m.c.i.e.AbstractTransferListenerAdapter - Downloaded https://repo.maven.apache.org/maven2/org/apache/maven/plugins/maven-clean-plugin/2.5/maven-clean-plugin-2.5.pom
2026-08-05 10:53:02,456 [Worker-12: Building workspace] INFO  o.e.m.c.i.e.AbstractTransferListenerAdapter - Downloaded https://repo.maven.apache.org/maven2/org/apache/maven/plugins/maven-resources-plugin/2.6/maven-resources-plugin-2.6.pom
2026-08-05 10:53:02,578 [Worker-12: Building workspace] INFO  o.e.m.c.i.e.AbstractTransferListenerAdapter - Downloaded https://repo.maven.apache.org/maven2/org/apache/maven/plugins/maven-plugins/23/maven-plugins-23.pom
2026-08-05 10:53:02,700 [Worker-12: Building workspace] INFO  o.e.m.c.i.e.AbstractTransferListenerAdapter - Downloaded https://repo.maven.apache.org/maven2/org/apache/maven/maven-parent/22/maven-parent-22.pom
2026-08-05 10:53:02,885 [Worker-12: Building workspace] INFO  o.e.m.c.i.e.AbstractTransferListenerAdapter - Downloaded https://repo.maven.apache.org/maven2/org/apache/apache/11/apache-11.pom
2026-08-05 10:53:03,084 [Worker-12: Building workspace] INFO  o.e.m.c.i.e.AbstractTransferListenerAdapter - Downloaded https://repo.maven.apache.org/maven2/org/apache/maven/plugins/maven-war-plugin/2.2/maven-war-plugin-2.2.pom
2026-08-05 10:53:03,345 [Worker-12: Building workspace] INFO  o.e.m.c.i.e.AbstractTransferListenerAdapter - Downloaded https://repo.maven.apache.org/maven2/org/apache/maven/plugins/maven-surefire-plugin/2.12.4/maven-surefire-plugin-2.12.4.pom
2026-08-05 10:53:03,477 [Worker-12: Building workspace] INFO  o.e.m.c.i.e.AbstractTransferListenerAdapter - Downloaded https://repo.maven.apache.org/maven2/org/apache/maven/surefire/surefire/2.12.4/surefire-2.12.4.pom
2026-08-05 10:53:03,689 [Worker-12: Building workspace] INFO  o.e.m.c.i.e.AbstractTransferListenerAdapter - Downloaded https://repo.maven.apache.org/maven2/org/apache/maven/maven-archiver/2.5/maven-archiver-2.5.pom
2026-08-05 10:53:03,829 [Worker-12: Building workspace] INFO  o.e.m.c.i.e.AbstractTransferListenerAdapter - Downloaded https://repo.maven.apache.org/maven2/org/apache/maven/shared/maven-shared-components/17/maven-shared-components-17.pom
2026-08-05 10:53:03,973 [Worker-12: Building workspace] INFO  o.e.m.c.i.e.AbstractTransferListenerAdapter - Downloaded https://repo.maven.apache.org/maven2/org/codehaus/plexus/plexus-archiver/2.1/plexus-archiver-2.1.pom
2026-08-05 10:53:04,112 [Worker-12: Building workspace] INFO  o.e.m.c.i.e.AbstractTransferListenerAdapter - Downloaded https://repo.maven.apache.org/maven2/org/codehaus/plexus/plexus-io/2.0.2/plexus-io-2.0.2.pom
2026-08-05 10:53:04,240 [Worker-12: Building workspace] INFO  o.e.m.c.i.e.AbstractTransferListenerAdapter - Downloaded https://repo.maven.apache.org/maven2/org/codehaus/plexus/plexus-components/1.1.19/plexus-components-1.1.19.pom
2026-08-05 10:53:04,387 [Worker-12: Building workspace] INFO  o.e.m.c.i.e.AbstractTransferListenerAdapter - Downloaded https://repo.maven.apache.org/maven2/org/codehaus/plexus/plexus/3.0.1/plexus-3.0.1.pom
2026-08-05 10:53:04,522 [Worker-12: Building workspace] INFO  o.e.m.c.i.e.AbstractTransferListenerAdapter - Downloaded https://repo.maven.apache.org/maven2/org/codehaus/plexus/plexus-interpolation/1.15/plexus-interpolation-1.15.pom
2026-08-05 10:53:04,715 [Worker-12: Building workspace] INFO  o.e.m.c.i.e.AbstractTransferListenerAdapter - Downloaded https://repo.maven.apache.org/maven2/com/thoughtworks/xstream/xstream/1.3.1/xstream-1.3.1.pom
2026-08-05 10:53:04,900 [Worker-12: Building workspace] INFO  o.e.m.c.i.e.AbstractTransferListenerAdapter - Downloaded https://repo.maven.apache.org/maven2/com/thoughtworks/xstream/xstream-parent/1.3.1/xstream-parent-1.3.1.pom
2026-08-05 10:53:05,021 [Worker-12: Building workspace] INFO  o.e.m.c.i.e.AbstractTransferListenerAdapter - Downloaded https://repo.maven.apache.org/maven2/xpp3/xpp3_min/1.1.4c/xpp3_min-1.1.4c.pom
2026-08-05 10:53:05,216 [Worker-12: Building workspace] INFO  o.e.m.c.i.e.AbstractTransferListenerAdapter - Downloaded https://repo.maven.apache.org/maven2/org/apache/maven/shared/maven-filtering/1.0-beta-2/maven-filtering-1.0-beta-2.pom
2026-08-05 10:53:05,405 [Worker-12: Building workspace] INFO  o.e.m.c.i.e.AbstractTransferListenerAdapter - Downloaded https://repo.maven.apache.org/maven2/org/apache/maven/shared/maven-shared-components/10/maven-shared-components-10.pom
2026-08-05 10:53:05,509 [Worker-12: Building workspace] INFO  o.e.m.c.i.e.AbstractTransferListenerAdapter - Downloaded https://repo.maven.apache.org/maven2/org/apache/maven/maven-parent/9/maven-parent-9.pom
2026-08-05 10:53:05,597 [Worker-12: Building workspace] INFO  o.e.m.c.i.e.AbstractTransferListenerAdapter - Downloaded https://repo.maven.apache.org/maven2/org/codehaus/plexus/plexus-utils/1.5.6/plexus-utils-1.5.6.pom
2026-08-05 10:53:05,693 [Worker-12: Building workspace] INFO  o.e.m.c.i.e.AbstractTransferListenerAdapter - Downloaded https://repo.maven.apache.org/maven2/org/codehaus/plexus/plexus/1.0.12/plexus-1.0.12.pom
2026-08-05 10:53:05,818 [Worker-12: Building workspace] INFO  o.e.m.c.i.e.AbstractTransferListenerAdapter - Downloaded https://repo.maven.apache.org/maven2/org/codehaus/plexus/plexus-interpolation/1.6/plexus-interpolation-1.6.pom
2026-08-05 10:53:05,893 [AetherRepositoryConnector-repo.maven.apache.org-3-0] INFO  o.e.m.c.i.e.AbstractTransferListenerAdapter - Downloading https://repo.maven.apache.org/maven2/org/apache/maven/maven-plugin-api/2.0.6/maven-plugin-api-2.0.6.jar
2026-08-05 10:53:05,923 [AetherRepositoryConnector-repo.maven.apache.org-3-1] INFO  o.e.m.c.i.e.AbstractTransferListenerAdapter - Downloading https://repo.maven.apache.org/maven2/org/apache/maven/maven-artifact/2.0.6/maven-artifact-2.0.6.jar
2026-08-05 10:53:05,955 [AetherRepositoryConnector-repo.maven.apache.org-3-4] INFO  o.e.m.c.i.e.AbstractTransferListenerAdapter - Downloading https://repo.maven.apache.org/maven2/org/apache/maven/maven-profile/2.0.6/maven-profile-2.0.6.jar
2026-08-05 10:53:05,955 [AetherRepositoryConnector-repo.maven.apache.org-3-2] INFO  o.e.m.c.i.e.AbstractTransferListenerAdapter - Downloading https://repo.maven.apache.org/maven2/org/apache/maven/maven-model/2.0.6/maven-model-2.0.6.jar
2026-08-05 10:53:05,955 [AetherRepositoryConnector-repo.maven.apache.org-3-3] INFO  o.e.m.c.i.e.AbstractTransferListenerAdapter - Downloading https://repo.maven.apache.org/maven2/org/apache/maven/maven-project/2.0.6/maven-project-2.0.6.jar
2026-08-05 10:53:06,135 [AetherRepositoryConnector-repo.maven.apache.org-3-1] INFO  o.e.m.c.i.e.AbstractTransferListenerAdapter - Downloaded https://repo.maven.apache.org/maven2/org/apache/maven/maven-artifact/2.0.6/maven-artifact-2.0.6.jar
2026-08-05 10:53:06,180 [AetherRepositoryConnector-repo.maven.apache.org-3-3] INFO  o.e.m.c.i.e.AbstractTransferListenerAdapter - Downloaded https://repo.maven.apache.org/maven2/org/apache/maven/maven-project/2.0.6/maven-project-2.0.6.jar
2026-08-05 10:53:06,183 [AetherRepositoryConnector-repo.maven.apache.org-3-2] INFO  o.e.m.c.i.e.AbstractTransferListenerAdapter - Downloaded https://repo.maven.apache.org/maven2/org/apache/maven/maven-model/2.0.6/maven-model-2.0.6.jar
2026-08-05 10:53:06,219 [AetherRepositoryConnector-repo.maven.apache.org-3-1] INFO  o.e.m.c.i.e.AbstractTransferListenerAdapter - Downloading https://repo.maven.apache.org/maven2/org/apache/maven/maven-artifact-manager/2.0.6/maven-artifact-manager-2.0.6.jar
2026-08-05 10:53:06,256 [AetherRepositoryConnector-repo.maven.apache.org-3-2] INFO  o.e.m.c.i.e.AbstractTransferListenerAdapter - Downloading https://repo.maven.apache.org/maven2/org/apache/maven/maven-core/2.0.6/maven-core-2.0.6.jar
2026-08-05 10:53:06,288 [AetherRepositoryConnector-repo.maven.apache.org-3-0] INFO  o.e.m.c.i.e.AbstractTransferListenerAdapter - Downloaded https://repo.maven.apache.org/maven2/org/apache/maven/maven-plugin-api/2.0.6/maven-plugin-api-2.0.6.jar
2026-08-05 10:53:06,306 [AetherRepositoryConnector-repo.maven.apache.org-3-3] INFO  o.e.m.c.i.e.AbstractTransferListenerAdapter - Downloading https://repo.maven.apache.org/maven2/org/apache/maven/maven-plugin-registry/2.0.6/maven-plugin-registry-2.0.6.jar
2026-08-05 10:53:06,328 [AetherRepositoryConnector-repo.maven.apache.org-3-0] INFO  o.e.m.c.i.e.AbstractTransferListenerAdapter - Downloading https://repo.maven.apache.org/maven2/org/apache/maven/maven-plugin-parameter-documenter/2.0.6/maven-plugin-parameter-documenter-2.0.6.jar
2026-08-05 10:53:06,351 [AetherRepositoryConnector-repo.maven.apache.org-3-1] INFO  o.e.m.c.i.e.AbstractTransferListenerAdapter - Downloaded https://repo.maven.apache.org/maven2/org/apache/maven/maven-artifact-manager/2.0.6/maven-artifact-manager-2.0.6.jar
2026-08-05 10:53:06,435 [AetherRepositoryConnector-repo.maven.apache.org-3-2] INFO  o.e.m.c.i.e.AbstractTransferListenerAdapter - Downloaded https://repo.maven.apache.org/maven2/org/apache/maven/maven-core/2.0.6/maven-core-2.0.6.jar
2026-08-05 10:53:06,438 [AetherRepositoryConnector-repo.maven.apache.org-3-1] INFO  o.e.m.c.i.e.AbstractTransferListenerAdapter - Downloading https://repo.maven.apache.org/maven2/org/apache/maven/reporting/maven-reporting-api/2.0.6/maven-reporting-api-2.0.6.jar
2026-08-05 10:53:06,461 [AetherRepositoryConnector-repo.maven.apache.org-3-2] INFO  o.e.m.c.i.e.AbstractTransferListenerAdapter - Downloading https://repo.maven.apache.org/maven2/org/apache/maven/doxia/doxia-sink-api/1.0-alpha-7/doxia-sink-api-1.0-alpha-7.jar
2026-08-05 10:53:06,559 [AetherRepositoryConnector-repo.maven.apache.org-3-4] INFO  o.e.m.c.i.e.AbstractTransferListenerAdapter - Downloaded https://repo.maven.apache.org/maven2/org/apache/maven/maven-profile/2.0.6/maven-profile-2.0.6.jar
2026-08-05 10:53:06,603 [AetherRepositoryConnector-repo.maven.apache.org-3-4] INFO  o.e.m.c.i.e.AbstractTransferListenerAdapter - Downloading https://repo.maven.apache.org/maven2/org/apache/maven/maven-repository-metadata/2.0.6/maven-repository-metadata-2.0.6.jar
2026-08-05 10:53:06,671 [AetherRepositoryConnector-repo.maven.apache.org-3-0] INFO  o.e.m.c.i.e.AbstractTransferListenerAdapter - Downloaded https://repo.maven.apache.org/maven2/org/apache/maven/maven-plugin-parameter-documenter/2.0.6/maven-plugin-parameter-documenter-2.0.6.jar
2026-08-05 10:53:06,696 [AetherRepositoryConnector-repo.maven.apache.org-3-2] INFO  o.e.m.c.i.e.AbstractTransferListenerAdapter - Downloaded https://repo.maven.apache.org/maven2/org/apache/maven/doxia/doxia-sink-api/1.0-alpha-7/doxia-sink-api-1.0-alpha-7.jar
2026-08-05 10:53:06,698 [AetherRepositoryConnector-repo.maven.apache.org-3-0] INFO  o.e.m.c.i.e.AbstractTransferListenerAdapter - Downloading https://repo.maven.apache.org/maven2/org/apache/maven/maven-error-diagnostics/2.0.6/maven-error-diagnostics-2.0.6.jar
2026-08-05 10:53:06,742 [AetherRepositoryConnector-repo.maven.apache.org-3-2] INFO  o.e.m.c.i.e.AbstractTransferListenerAdapter - Downloading https://repo.maven.apache.org/maven2/commons-cli/commons-cli/1.0/commons-cli-1.0.jar
2026-08-05 10:53:06,765 [AetherRepositoryConnector-repo.maven.apache.org-3-1] INFO  o.e.m.c.i.e.AbstractTransferListenerAdapter - Downloaded https://repo.maven.apache.org/maven2/org/apache/maven/reporting/maven-reporting-api/2.0.6/maven-reporting-api-2.0.6.jar
2026-08-05 10:53:06,801 [AetherRepositoryConnector-repo.maven.apache.org-3-3] INFO  o.e.m.c.i.e.AbstractTransferListenerAdapter - Downloaded https://repo.maven.apache.org/maven2/org/apache/maven/maven-plugin-registry/2.0.6/maven-plugin-registry-2.0.6.jar
2026-08-05 10:53:06,811 [AetherRepositoryConnector-repo.maven.apache.org-3-1] INFO  o.e.m.c.i.e.AbstractTransferListenerAdapter - Downloading https://repo.maven.apache.org/maven2/org/apache/maven/maven-plugin-descriptor/2.0.6/maven-plugin-descriptor-2.0.6.jar
2026-08-05 10:53:06,830 [AetherRepositoryConnector-repo.maven.apache.org-3-2] INFO  o.e.m.c.i.e.AbstractTransferListenerAdapter - Downloaded https://repo.maven.apache.org/maven2/commons-cli/commons-cli/1.0/commons-cli-1.0.jar
2026-08-05 10:53:06,832 [AetherRepositoryConnector-repo.maven.apache.org-3-3] INFO  o.e.m.c.i.e.AbstractTransferListenerAdapter - Downloading https://repo.maven.apache.org/maven2/org/codehaus/plexus/plexus-interactivity-api/1.0-alpha-4/plexus-interactivity-api-1.0-alpha-4.jar
2026-08-05 10:53:06,874 [AetherRepositoryConnector-repo.maven.apache.org-3-2] INFO  o.e.m.c.i.e.AbstractTransferListenerAdapter - Downloading https://repo.maven.apache.org/maven2/classworlds/classworlds/1.1/classworlds-1.1.jar
2026-08-05 10:53:06,999 [AetherRepositoryConnector-repo.maven.apache.org-3-4] INFO  o.e.m.c.i.e.AbstractTransferListenerAdapter - Downloaded https://repo.maven.apache.org/maven2/org/apache/maven/maven-repository-metadata/2.0.6/maven-repository-metadata-2.0.6.jar
2026-08-05 10:53:07,048 [AetherRepositoryConnector-repo.maven.apache.org-3-0] INFO  o.e.m.c.i.e.AbstractTransferListenerAdapter - Downloaded https://repo.maven.apache.org/maven2/org/apache/maven/maven-error-diagnostics/2.0.6/maven-error-diagnostics-2.0.6.jar
2026-08-05 10:53:07,051 [AetherRepositoryConnector-repo.maven.apache.org-3-4] INFO  o.e.m.c.i.e.AbstractTransferListenerAdapter - Downloading https://repo.maven.apache.org/maven2/org/apache/maven/maven-settings/2.0.6/maven-settings-2.0.6.jar
2026-08-05 10:53:07,079 [AetherRepositoryConnector-repo.maven.apache.org-3-0] INFO  o.e.m.c.i.e.AbstractTransferListenerAdapter - Downloading https://repo.maven.apache.org/maven2/org/apache/maven/maven-monitor/2.0.6/maven-monitor-2.0.6.jar
2026-08-05 10:53:07,146 [AetherRepositoryConnector-repo.maven.apache.org-3-3] INFO  o.e.m.c.i.e.AbstractTransferListenerAdapter - Downloaded https://repo.maven.apache.org/maven2/org/codehaus/plexus/plexus-interactivity-api/1.0-alpha-4/plexus-interactivity-api-1.0-alpha-4.jar
2026-08-05 10:53:07,169 [AetherRepositoryConnector-repo.maven.apache.org-3-3] INFO  o.e.m.c.i.e.AbstractTransferListenerAdapter - Downloading https://repo.maven.apache.org/maven2/org/apache/maven/maven-archiver/2.5/maven-archiver-2.5.jar
2026-08-05 10:53:07,363 [AetherRepositoryConnector-repo.maven.apache.org-3-0] INFO  o.e.m.c.i.e.AbstractTransferListenerAdapter - Downloaded https://repo.maven.apache.org/maven2/org/apache/maven/maven-monitor/2.0.6/maven-monitor-2.0.6.jar
2026-08-05 10:53:07,409 [AetherRepositoryConnector-repo.maven.apache.org-3-1] INFO  o.e.m.c.i.e.AbstractTransferListenerAdapter - Downloaded https://repo.maven.apache.org/maven2/org/apache/maven/maven-plugin-descriptor/2.0.6/maven-plugin-descriptor-2.0.6.jar
2026-08-05 10:53:07,482 [AetherRepositoryConnector-repo.maven.apache.org-3-0] INFO  o.e.m.c.i.e.AbstractTransferListenerAdapter - Downloading https://repo.maven.apache.org/maven2/org/codehaus/plexus/plexus-io/2.0.2/plexus-io-2.0.2.jar
2026-08-05 10:53:07,499 [AetherRepositoryConnector-repo.maven.apache.org-3-2] INFO  o.e.m.c.i.e.AbstractTransferListenerAdapter - Downloaded https://repo.maven.apache.org/maven2/classworlds/classworlds/1.1/classworlds-1.1.jar
2026-08-05 10:53:07,504 [AetherRepositoryConnector-repo.maven.apache.org-3-3] INFO  o.e.m.c.i.e.AbstractTransferListenerAdapter - Downloaded https://repo.maven.apache.org/maven2/org/apache/maven/maven-archiver/2.5/maven-archiver-2.5.jar
2026-08-05 10:53:07,540 [AetherRepositoryConnector-repo.maven.apache.org-3-1] INFO  o.e.m.c.i.e.AbstractTransferListenerAdapter - Downloading https://repo.maven.apache.org/maven2/org/codehaus/plexus/plexus-archiver/2.1/plexus-archiver-2.1.jar
2026-08-05 10:53:07,733 [AetherRepositoryConnector-repo.maven.apache.org-3-2] INFO  o.e.m.c.i.e.AbstractTransferListenerAdapter - Downloading https://repo.maven.apache.org/maven2/org/codehaus/plexus/plexus-interpolation/1.15/plexus-interpolation-1.15.jar
2026-08-05 10:53:07,835 [AetherRepositoryConnector-repo.maven.apache.org-3-3] INFO  o.e.m.c.i.e.AbstractTransferListenerAdapter - Downloading https://repo.maven.apache.org/maven2/com/thoughtworks/xstream/xstream/1.3.1/xstream-1.3.1.jar
2026-08-05 10:53:08,665 [AetherRepositoryConnector-repo.maven.apache.org-3-4] INFO  o.e.m.c.i.e.AbstractTransferListenerAdapter - Downloaded https://repo.maven.apache.org/maven2/org/apache/maven/maven-settings/2.0.6/maven-settings-2.0.6.jar
2026-08-05 10:53:08,665 [AetherRepositoryConnector-repo.maven.apache.org-3-0] INFO  o.e.m.c.i.e.AbstractTransferListenerAdapter - Downloaded https://repo.maven.apache.org/maven2/org/codehaus/plexus/plexus-io/2.0.2/plexus-io-2.0.2.jar
2026-08-05 10:53:08,731 [AetherRepositoryConnector-repo.maven.apache.org-3-1] INFO  o.e.m.c.i.e.AbstractTransferListenerAdapter - Downloaded https://repo.maven.apache.org/maven2/org/codehaus/plexus/plexus-archiver/2.1/plexus-archiver-2.1.jar
2026-08-05 10:53:08,737 [AetherRepositoryConnector-repo.maven.apache.org-3-4] INFO  o.e.m.c.i.e.AbstractTransferListenerAdapter - Downloading https://repo.maven.apache.org/maven2/xpp3/xpp3_min/1.1.4c/xpp3_min-1.1.4c.jar
2026-08-05 10:53:08,765 [AetherRepositoryConnector-repo.maven.apache.org-3-2] INFO  o.e.m.c.i.e.AbstractTransferListenerAdapter - Downloaded https://repo.maven.apache.org/maven2/org/codehaus/plexus/plexus-interpolation/1.15/plexus-interpolation-1.15.jar
2026-08-05 10:53:08,773 [AetherRepositoryConnector-repo.maven.apache.org-3-0] INFO  o.e.m.c.i.e.AbstractTransferListenerAdapter - Downloading https://repo.maven.apache.org/maven2/org/apache/maven/shared/maven-filtering/1.0-beta-2/maven-filtering-1.0-beta-2.jar
2026-08-05 10:53:08,933 [AetherRepositoryConnector-repo.maven.apache.org-3-3] INFO  o.e.m.c.i.e.AbstractTransferListenerAdapter - Downloaded https://repo.maven.apache.org/maven2/com/thoughtworks/xstream/xstream/1.3.1/xstream-1.3.1.jar
2026-08-05 10:53:09,307 [AetherRepositoryConnector-repo.maven.apache.org-3-4] INFO  o.e.m.c.i.e.AbstractTransferListenerAdapter - Downloaded https://repo.maven.apache.org/maven2/xpp3/xpp3_min/1.1.4c/xpp3_min-1.1.4c.jar
2026-08-05 10:53:09,597 [AetherRepositoryConnector-repo.maven.apache.org-3-0] INFO  o.e.m.c.i.e.AbstractTransferListenerAdapter - Downloaded https://repo.maven.apache.org/maven2/org/apache/maven/shared/maven-filtering/1.0-beta-2/maven-filtering-1.0-beta-2.jar
2026-08-05 10:53:17,832 [Worker-12: Building workspace] INFO  o.e.m.c.i.e.AbstractTransferListenerAdapter - Downloaded https://repo.maven.apache.org/maven2/org/codehaus/plexus/plexus-utils/2.0.5/plexus-utils-2.0.5.pom
2026-08-05 10:53:17,974 [Worker-12: Building workspace] INFO  o.e.m.c.i.e.AbstractTransferListenerAdapter - Downloaded https://repo.maven.apache.org/maven2/org/codehaus/plexus/plexus/2.0.6/plexus-2.0.6.pom
2026-08-05 10:53:18,130 [Worker-12: Building workspace] INFO  o.e.m.c.i.e.AbstractTransferListenerAdapter - Downloaded https://repo.maven.apache.org/maven2/org/apache/maven/shared/maven-filtering/1.1/maven-filtering-1.1.pom
2026-08-05 10:53:18,296 [Worker-12: Building workspace] INFO  o.e.m.c.i.e.AbstractTransferListenerAdapter - Downloaded https://repo.maven.apache.org/maven2/org/codehaus/plexus/plexus-utils/1.5.15/plexus-utils-1.5.15.pom
2026-08-05 10:53:18,454 [Worker-12: Building workspace] INFO  o.e.m.c.i.e.AbstractTransferListenerAdapter - Downloaded https://repo.maven.apache.org/maven2/org/codehaus/plexus/plexus/2.0.2/plexus-2.0.2.pom
2026-08-05 10:53:18,691 [Worker-12: Building workspace] INFO  o.e.m.c.i.e.AbstractTransferListenerAdapter - Downloaded https://repo.maven.apache.org/maven2/org/codehaus/plexus/plexus-interpolation/1.12/plexus-interpolation-1.12.pom
2026-08-05 10:53:18,781 [Worker-17: Download sources and javadoc] INFO  o.e.m.c.i.e.AbstractTransferListenerAdapter - Downloading https://repo.maven.apache.org/maven2/org/springframework/spring-context/3.1.1.RELEASE/spring-context-3.1.1.RELEASE-sources.jar
2026-08-05 10:53:18,827 [Worker-12: Building workspace] INFO  o.e.m.c.i.e.AbstractTransferListenerAdapter - Downloaded https://repo.maven.apache.org/maven2/org/codehaus/plexus/plexus-components/1.1.14/plexus-components-1.1.14.pom
2026-08-05 10:53:19,043 [Worker-12: Building workspace] INFO  o.e.m.c.i.e.AbstractTransferListenerAdapter - Downloaded https://repo.maven.apache.org/maven2/org/sonatype/plexus/plexus-build-api/0.0.4/plexus-build-api-0.0.4.pom
2026-08-05 10:53:19,334 [Worker-12: Building workspace] INFO  o.e.m.c.i.e.AbstractTransferListenerAdapter - Downloaded https://repo.maven.apache.org/maven2/org/sonatype/spice/spice-parent/10/spice-parent-10.pom
2026-08-05 10:53:19,380 [Worker-17: Download sources and javadoc] INFO  o.e.m.c.i.e.AbstractTransferListenerAdapter - Downloaded https://repo.maven.apache.org/maven2/org/springframework/spring-context/3.1.1.RELEASE/spring-context-3.1.1.RELEASE-sources.jar
2026-08-05 10:53:19,522 [Worker-17: Download sources and javadoc] INFO  o.e.m.j.internal.DownloadSourcesJob - Downloaded sources for org.springframework:spring-context:3.1.1.RELEASE
2026-08-05 10:53:19,531 [Worker-12: Building workspace] INFO  o.e.m.c.i.e.AbstractTransferListenerAdapter - Downloaded https://repo.maven.apache.org/maven2/org/sonatype/forge/forge-parent/3/forge-parent-3.pom
2026-08-05 10:53:19,623 [Worker-17: Download sources and javadoc] INFO  o.e.m.c.i.e.AbstractTransferListenerAdapter - Downloading https://repo.maven.apache.org/maven2/org/springframework/spring-aop/3.1.1.RELEASE/spring-aop-3.1.1.RELEASE-sources.jar
2026-08-05 10:53:19,654 [Worker-12: Building workspace] INFO  o.e.m.c.i.e.AbstractTransferListenerAdapter - Downloaded https://repo.maven.apache.org/maven2/org/codehaus/plexus/plexus-utils/1.5.8/plexus-utils-1.5.8.pom
2026-08-05 10:53:19,791 [Worker-12: Building workspace] INFO  o.e.m.c.i.e.AbstractTransferListenerAdapter - Downloaded https://repo.maven.apache.org/maven2/org/codehaus/plexus/plexus-interpolation/1.13/plexus-interpolation-1.13.pom
2026-08-05 10:53:20,049 [Worker-12: Building workspace] INFO  o.e.m.c.i.e.AbstractTransferListenerAdapter - Downloaded https://repo.maven.apache.org/maven2/org/codehaus/plexus/plexus-components/1.1.15/plexus-components-1.1.15.pom
2026-08-05 10:53:20,049 [Worker-17: Download sources and javadoc] INFO  o.e.m.c.i.e.AbstractTransferListenerAdapter - Downloaded https://repo.maven.apache.org/maven2/org/springframework/spring-aop/3.1.1.RELEASE/spring-aop-3.1.1.RELEASE-sources.jar
2026-08-05 10:53:20,154 [Worker-17: Download sources and javadoc] INFO  o.e.m.j.internal.DownloadSourcesJob - Downloaded sources for org.springframework:spring-aop:3.1.1.RELEASE
2026-08-05 10:53:20,384 [Worker-12: Building workspace] INFO  o.e.m.c.i.e.AbstractTransferListenerAdapter - Downloaded https://repo.maven.apache.org/maven2/org/codehaus/plexus/plexus/2.0.3/plexus-2.0.3.pom
2026-08-05 10:53:20,462 [Worker-17: Download sources and javadoc] INFO  o.e.m.c.i.e.AbstractTransferListenerAdapter - Downloading https://repo.maven.apache.org/maven2/aopalliance/aopalliance/1.0/aopalliance-1.0-sources.jar
2026-08-05 10:53:20,493 [AetherRepositoryConnector-repo.maven.apache.org-4-0] INFO  o.e.m.c.i.e.AbstractTransferListenerAdapter - Downloading https://repo.maven.apache.org/maven2/org/codehaus/plexus/plexus-utils/2.0.5/plexus-utils-2.0.5.jar
2026-08-05 10:53:20,521 [AetherRepositoryConnector-repo.maven.apache.org-4-1] INFO  o.e.m.c.i.e.AbstractTransferListenerAdapter - Downloading https://repo.maven.apache.org/maven2/org/apache/maven/shared/maven-filtering/1.1/maven-filtering-1.1.jar
2026-08-05 10:53:20,860 [AetherRepositoryConnector-repo.maven.apache.org-4-3] INFO  o.e.m.c.i.e.AbstractTransferListenerAdapter - Downloading https://repo.maven.apache.org/maven2/org/codehaus/plexus/plexus-interpolation/1.13/plexus-interpolation-1.13.jar
2026-08-05 10:53:20,980 [AetherRepositoryConnector-repo.maven.apache.org-4-2] INFO  o.e.m.c.i.e.AbstractTransferListenerAdapter - Downloading https://repo.maven.apache.org/maven2/org/sonatype/plexus/plexus-build-api/0.0.4/plexus-build-api-0.0.4.jar
2026-08-05 10:53:21,008 [Worker-17: Download sources and javadoc] INFO  o.e.m.c.i.e.AbstractTransferListenerAdapter - Downloaded https://repo.maven.apache.org/maven2/aopalliance/aopalliance/1.0/aopalliance-1.0-sources.jar
2026-08-05 10:53:21,009 [AetherRepositoryConnector-repo.maven.apache.org-4-0] INFO  o.e.m.c.i.e.AbstractTransferListenerAdapter - Downloaded https://repo.maven.apache.org/maven2/org/codehaus/plexus/plexus-utils/2.0.5/plexus-utils-2.0.5.jar
2026-08-05 10:53:21,081 [AetherRepositoryConnector-repo.maven.apache.org-4-3] INFO  o.e.m.c.i.e.AbstractTransferListenerAdapter - Downloaded https://repo.maven.apache.org/maven2/org/codehaus/plexus/plexus-interpolation/1.13/plexus-interpolation-1.13.jar
2026-08-05 10:53:21,106 [Worker-17: Download sources and javadoc] INFO  o.e.m.j.internal.DownloadSourcesJob - Downloaded sources for aopalliance:aopalliance:1.0
2026-08-05 10:53:21,207 [AetherRepositoryConnector-repo.maven.apache.org-4-2] INFO  o.e.m.c.i.e.AbstractTransferListenerAdapter - Downloaded https://repo.maven.apache.org/maven2/org/sonatype/plexus/plexus-build-api/0.0.4/plexus-build-api-0.0.4.jar
2026-08-05 10:53:21,319 [Worker-17: Download sources and javadoc] INFO  o.e.m.c.i.e.AbstractTransferListenerAdapter - Downloading https://repo.maven.apache.org/maven2/org/springframework/spring-beans/3.1.1.RELEASE/spring-beans-3.1.1.RELEASE-sources.jar
2026-08-05 10:53:21,796 [AetherRepositoryConnector-repo.maven.apache.org-4-1] INFO  o.e.m.c.i.e.AbstractTransferListenerAdapter - Downloaded https://repo.maven.apache.org/maven2/org/apache/maven/shared/maven-filtering/1.1/maven-filtering-1.1.jar
2026-08-05 10:53:22,256 [Worker-17: Download sources and javadoc] INFO  o.e.m.c.i.e.AbstractTransferListenerAdapter - Downloaded https://repo.maven.apache.org/maven2/org/springframework/spring-beans/3.1.1.RELEASE/spring-beans-3.1.1.RELEASE-sources.jar
2026-08-05 10:53:22,763 [Worker-17: Download sources and javadoc] INFO  o.e.m.j.internal.DownloadSourcesJob - Downloaded sources for org.springframework:spring-beans:3.1.1.RELEASE
2026-08-05 10:53:23,005 [Worker-12: Building workspace] WARN  o.e.m.c.i.embedder.EclipseLogger - Using platform encoding (MS949 actually) to copy filtered resources, i.e. build is platform dependent!
2026-08-05 10:53:23,010 [Worker-12: Building workspace] INFO  o.e.m.c.i.embedder.EclipseLogger - Copying 1 resource
2026-08-05 10:53:23,021 [Worker-12: Building workspace] WARN  o.e.m.c.i.embedder.EclipseLogger - Using platform encoding (MS949 actually) to copy filtered resources, i.e. build is platform dependent!
2026-08-05 10:53:23,023 [Worker-12: Building workspace] INFO  o.e.m.c.i.embedder.EclipseLogger - Copying 1 resource
2026-08-05 10:53:23,091 [Worker-17: Download sources and javadoc] INFO  o.e.m.c.i.e.AbstractTransferListenerAdapter - Downloading https://repo.maven.apache.org/maven2/org/springframework/spring-core/3.1.1.RELEASE/spring-core-3.1.1.RELEASE-sources.jar
2026-08-05 10:53:23,520 [Worker-17: Download sources and javadoc] INFO  o.e.m.c.i.e.AbstractTransferListenerAdapter - Downloaded https://repo.maven.apache.org/maven2/org/springframework/spring-core/3.1.1.RELEASE/spring-core-3.1.1.RELEASE-sources.jar
2026-08-05 10:53:23,614 [Worker-17: Download sources and javadoc] INFO  o.e.m.j.internal.DownloadSourcesJob - Downloaded sources for org.springframework:spring-core:3.1.1.RELEASE
2026-08-05 10:53:23,770 [Worker-17: Download sources and javadoc] INFO  o.e.m.c.i.e.AbstractTransferListenerAdapter - Downloading https://repo.maven.apache.org/maven2/org/springframework/spring-expression/3.1.1.RELEASE/spring-expression-3.1.1.RELEASE-sources.jar
2026-08-05 10:53:23,929 [Worker-17: Download sources and javadoc] INFO  o.e.m.c.i.e.AbstractTransferListenerAdapter - Downloaded https://repo.maven.apache.org/maven2/org/springframework/spring-expression/3.1.1.RELEASE/spring-expression-3.1.1.RELEASE-sources.jar
2026-08-05 10:53:24,040 [Worker-17: Download sources and javadoc] INFO  o.e.m.j.internal.DownloadSourcesJob - Downloaded sources for org.springframework:spring-expression:3.1.1.RELEASE
2026-08-05 10:53:24,293 [Worker-17: Download sources and javadoc] INFO  o.e.m.c.i.e.AbstractTransferListenerAdapter - Downloading https://repo.maven.apache.org/maven2/org/springframework/spring-asm/3.1.1.RELEASE/spring-asm-3.1.1.RELEASE-sources.jar
2026-08-05 10:53:24,463 [Worker-17: Download sources and javadoc] INFO  o.e.m.c.i.e.AbstractTransferListenerAdapter - Downloaded https://repo.maven.apache.org/maven2/org/springframework/spring-asm/3.1.1.RELEASE/spring-asm-3.1.1.RELEASE-sources.jar
2026-08-05 10:53:24,541 [Worker-17: Download sources and javadoc] INFO  o.e.m.j.internal.DownloadSourcesJob - Downloaded sources for org.springframework:spring-asm:3.1.1.RELEASE
2026-08-05 10:53:24,633 [Worker-18: Updating Maven Dependencies] INFO  o.e.m.c.i.l.LifecycleMappingFactory - Using org.maven.ide.eclipse.wtp.WarLifecycleMapping lifecycle mapping for MavenProject: org.zerock:controller:1.0.0-BUILD-SNAPSHOT @ C:\spring_workspace\ex00\pom.xml.
2026-08-05 10:53:24,752 [Worker-17: Download sources and javadoc] INFO  o.e.m.c.i.e.AbstractTransferListenerAdapter - Downloading https://repo.maven.apache.org/maven2/org/springframework/spring-webmvc/3.1.1.RELEASE/spring-webmvc-3.1.1.RELEASE-sources.jar
2026-08-05 10:53:25,991 [Worker-17: Download sources and javadoc] INFO  o.e.m.c.i.e.AbstractTransferListenerAdapter - Downloaded https://repo.maven.apache.org/maven2/org/springframework/spring-webmvc/3.1.1.RELEASE/spring-webmvc-3.1.1.RELEASE-sources.jar
2026-08-05 10:53:26,139 [Worker-17: Download sources and javadoc] INFO  o.e.m.j.internal.DownloadSourcesJob - Downloaded sources for org.springframework:spring-webmvc:3.1.1.RELEASE
2026-08-05 10:53:26,759 [Worker-17: Download sources and javadoc] INFO  o.e.m.c.i.e.AbstractTransferListenerAdapter - Downloading https://repo.maven.apache.org/maven2/org/springframework/spring-context-support/3.1.1.RELEASE/spring-context-support-3.1.1.RELEASE-sources.jar
2026-08-05 10:53:27,234 [Worker-17: Download sources and javadoc] INFO  o.e.m.c.i.e.AbstractTransferListenerAdapter - Downloaded https://repo.maven.apache.org/maven2/org/springframework/spring-context-support/3.1.1.RELEASE/spring-context-support-3.1.1.RELEASE-sources.jar
2026-08-05 10:53:27,395 [Worker-17: Download sources and javadoc] INFO  o.e.m.j.internal.DownloadSourcesJob - Downloaded sources for org.springframework:spring-context-support:3.1.1.RELEASE
2026-08-05 10:53:27,688 [Worker-17: Download sources and javadoc] INFO  o.e.m.c.i.e.AbstractTransferListenerAdapter - Downloading https://repo.maven.apache.org/maven2/org/springframework/spring-web/3.1.1.RELEASE/spring-web-3.1.1.RELEASE-sources.jar
2026-08-05 10:53:28,085 [Worker-17: Download sources and javadoc] INFO  o.e.m.c.i.e.AbstractTransferListenerAdapter - Downloaded https://repo.maven.apache.org/maven2/org/springframework/spring-web/3.1.1.RELEASE/spring-web-3.1.1.RELEASE-sources.jar
2026-08-05 10:53:28,140 [Worker-17: Download sources and javadoc] INFO  o.e.m.j.internal.DownloadSourcesJob - Downloaded sources for org.springframework:spring-web:3.1.1.RELEASE
2026-08-05 10:53:28,301 [Worker-17: Download sources and javadoc] INFO  o.e.m.c.i.e.AbstractTransferListenerAdapter - Downloading https://repo.maven.apache.org/maven2/org/aspectj/aspectjrt/1.6.10/aspectjrt-1.6.10-sources.jar
2026-08-05 10:53:28,404 [Worker-17: Download sources and javadoc] INFO  o.e.m.c.i.e.AbstractTransferListenerAdapter - Downloaded https://repo.maven.apache.org/maven2/org/aspectj/aspectjrt/1.6.10/aspectjrt-1.6.10-sources.jar
2026-08-05 10:53:28,468 [Worker-17: Download sources and javadoc] INFO  o.e.m.j.internal.DownloadSourcesJob - Downloaded sources for org.aspectj:aspectjrt:1.6.10
2026-08-05 10:53:28,585 [Worker-17: Download sources and javadoc] INFO  o.e.m.c.i.e.AbstractTransferListenerAdapter - Downloading https://repo.maven.apache.org/maven2/org/slf4j/slf4j-api/1.6.6/slf4j-api-1.6.6-sources.jar
2026-08-05 10:53:28,654 [Worker-12: Building] WARN  o.e.m.c.i.embedder.EclipseLogger - Using platform encoding (MS949 actually) to copy filtered resources, i.e. build is platform dependent!
2026-08-05 10:53:28,666 [Worker-12: Building] INFO  o.e.m.c.i.embedder.EclipseLogger - Copying 1 resource
2026-08-05 10:53:28,676 [Worker-12: Building] WARN  o.e.m.c.i.embedder.EclipseLogger - Using platform encoding (MS949 actually) to copy filtered resources, i.e. build is platform dependent!
2026-08-05 10:53:28,678 [Worker-12: Building] INFO  o.e.m.c.i.embedder.EclipseLogger - Copying 1 resource
2026-08-05 10:53:29,112 [Worker-17: Download sources and javadoc] INFO  o.e.m.c.i.e.AbstractTransferListenerAdapter - Downloaded https://repo.maven.apache.org/maven2/org/slf4j/slf4j-api/1.6.6/slf4j-api-1.6.6-sources.jar
2026-08-05 10:53:29,752 [Worker-17: Download sources and javadoc] INFO  o.e.m.j.internal.DownloadSourcesJob - Downloaded sources for org.slf4j:slf4j-api:1.6.6
2026-08-05 10:53:29,914 [Worker-17: Download sources and javadoc] INFO  o.e.m.c.i.e.AbstractTransferListenerAdapter - Downloading https://repo.maven.apache.org/maven2/org/slf4j/jcl-over-slf4j/1.6.6/jcl-over-slf4j-1.6.6-sources.jar
2026-08-05 10:53:30,210 [Worker-17: Download sources and javadoc] INFO  o.e.m.c.i.e.AbstractTransferListenerAdapter - Downloaded https://repo.maven.apache.org/maven2/org/slf4j/jcl-over-slf4j/1.6.6/jcl-over-slf4j-1.6.6-sources.jar
2026-08-05 10:53:30,598 [Worker-17: Download sources and javadoc] INFO  o.e.m.j.internal.DownloadSourcesJob - Downloaded sources for org.slf4j:jcl-over-slf4j:1.6.6
2026-08-05 10:53:30,726 [Worker-17: Download sources and javadoc] INFO  o.e.m.c.i.e.AbstractTransferListenerAdapter - Downloading https://repo.maven.apache.org/maven2/org/slf4j/slf4j-log4j12/1.6.6/slf4j-log4j12-1.6.6-sources.jar
2026-08-05 10:53:31,040 [Worker-17: Download sources and javadoc] INFO  o.e.m.c.i.e.AbstractTransferListenerAdapter - Downloaded https://repo.maven.apache.org/maven2/org/slf4j/slf4j-log4j12/1.6.6/slf4j-log4j12-1.6.6-sources.jar
2026-08-05 10:53:31,345 [Worker-17: Download sources and javadoc] INFO  o.e.m.j.internal.DownloadSourcesJob - Downloaded sources for org.slf4j:slf4j-log4j12:1.6.6
2026-08-05 10:53:31,457 [Worker-17: Download sources and javadoc] INFO  o.e.m.c.i.e.AbstractTransferListenerAdapter - Downloading https://repo.maven.apache.org/maven2/log4j/log4j/1.2.15/log4j-1.2.15-sources.jar
2026-08-05 10:53:31,782 [Worker-17: Download sources and javadoc] INFO  o.e.m.c.i.e.AbstractTransferListenerAdapter - Downloaded https://repo.maven.apache.org/maven2/log4j/log4j/1.2.15/log4j-1.2.15-sources.jar
2026-08-05 10:53:31,891 [Worker-17: Download sources and javadoc] INFO  o.e.m.j.internal.DownloadSourcesJob - Downloaded sources for log4j:log4j:1.2.15
2026-08-05 10:53:32,028 [Worker-17: Download sources and javadoc] INFO  o.e.m.c.i.e.AbstractTransferListenerAdapter - Downloading https://repo.maven.apache.org/maven2/javax/inject/javax.inject/1/javax.inject-1-sources.jar
2026-08-05 10:53:32,177 [Worker-17: Download sources and javadoc] INFO  o.e.m.c.i.e.AbstractTransferListenerAdapter - Downloaded https://repo.maven.apache.org/maven2/javax/inject/javax.inject/1/javax.inject-1-sources.jar
2026-08-05 10:53:32,260 [Worker-17: Download sources and javadoc] INFO  o.e.m.j.internal.DownloadSourcesJob - Downloaded sources for javax.inject:javax.inject:1
2026-08-05 10:53:32,452 [Worker-17: Download sources and javadoc] INFO  o.e.m.c.i.e.AbstractTransferListenerAdapter - Downloading https://repo.maven.apache.org/maven2/javax/servlet/servlet-api/2.5/servlet-api-2.5-sources.jar
2026-08-05 10:53:32,541 [Worker-17: Download sources and javadoc] INFO  o.e.m.c.i.e.AbstractTransferListenerAdapter - Downloaded https://repo.maven.apache.org/maven2/javax/servlet/servlet-api/2.5/servlet-api-2.5-sources.jar
2026-08-05 10:53:32,617 [Worker-17: Download sources and javadoc] INFO  o.e.m.j.internal.DownloadSourcesJob - Downloaded sources for javax.servlet:servlet-api:2.5
2026-08-05 10:53:32,757 [Worker-17: Download sources and javadoc] INFO  o.e.m.c.i.e.AbstractTransferListenerAdapter - Downloading https://repo.maven.apache.org/maven2/javax/servlet/jsp/jsp-api/2.1/jsp-api-2.1-sources.jar
2026-08-05 10:53:32,936 [Worker-17: Download sources and javadoc] INFO  o.e.m.c.i.e.AbstractTransferListenerAdapter - Downloaded https://repo.maven.apache.org/maven2/javax/servlet/jsp/jsp-api/2.1/jsp-api-2.1-sources.jar
2026-08-05 10:53:33,002 [Worker-17: Download sources and javadoc] INFO  o.e.m.j.internal.DownloadSourcesJob - Downloaded sources for javax.servlet.jsp:jsp-api:2.1
2026-08-05 10:53:33,291 [Worker-17: Download sources and javadoc] INFO  o.e.m.c.i.e.AbstractTransferListenerAdapter - Downloading https://repo.maven.apache.org/maven2/javax/servlet/jstl/1.2/jstl-1.2-sources.jar
2026-08-05 10:53:33,613 [Worker-17: Download sources and javadoc] INFO  o.e.m.c.i.e.AbstractTransferListenerAdapter - Downloaded https://repo.maven.apache.org/maven2/javax/servlet/jstl/1.2/jstl-1.2-sources.jar
2026-08-05 10:53:33,685 [Worker-17: Download sources and javadoc] INFO  o.e.m.j.internal.DownloadSourcesJob - Downloaded sources for javax.servlet:jstl:1.2
2026-08-05 10:53:33,923 [Worker-17: Download sources and javadoc] INFO  o.e.m.c.i.e.AbstractTransferListenerAdapter - Downloading https://repo.maven.apache.org/maven2/junit/junit/4.7/junit-4.7-sources.jar
2026-08-05 10:53:34,266 [Worker-17: Download sources and javadoc] INFO  o.e.m.c.i.e.AbstractTransferListenerAdapter - Downloaded https://repo.maven.apache.org/maven2/junit/junit/4.7/junit-4.7-sources.jar
2026-08-05 10:53:34,359 [Worker-17: Download sources and javadoc] INFO  o.e.m.j.internal.DownloadSourcesJob - Downloaded sources for junit:junit:4.7
2026-08-05 10:53:34,363 [Worker-17: Download sources and javadoc] INFO  o.e.m.j.internal.DownloadSourcesJob - Downloaded sources for org.aspectj:aspectjrt:1.6.10
2026-08-05 10:53:34,368 [Worker-17: Download sources and javadoc] INFO  o.e.m.j.internal.DownloadSourcesJob - Downloaded sources for org.slf4j:slf4j-api:1.6.6
2026-08-05 10:53:34,372 [Worker-17: Download sources and javadoc] INFO  o.e.m.j.internal.DownloadSourcesJob - Downloaded sources for org.slf4j:jcl-over-slf4j:1.6.6
2026-08-05 10:53:34,376 [Worker-17: Download sources and javadoc] INFO  o.e.m.j.internal.DownloadSourcesJob - Downloaded sources for org.slf4j:slf4j-log4j12:1.6.6
2026-08-05 10:53:34,379 [Worker-17: Download sources and javadoc] INFO  o.e.m.j.internal.DownloadSourcesJob - Downloaded sources for log4j:log4j:1.2.15
2026-08-05 10:53:34,385 [Worker-17: Download sources and javadoc] INFO  o.e.m.j.internal.DownloadSourcesJob - Downloaded sources for javax.inject:javax.inject:1
2026-08-05 10:53:34,390 [Worker-17: Download sources and javadoc] INFO  o.e.m.j.internal.DownloadSourcesJob - Downloaded sources for javax.servlet:servlet-api:2.5
2026-08-05 10:53:34,396 [Worker-17: Download sources and javadoc] INFO  o.e.m.j.internal.DownloadSourcesJob - Downloaded sources for javax.servlet.jsp:jsp-api:2.1
2026-08-05 10:53:34,400 [Worker-17: Download sources and javadoc] INFO  o.e.m.j.internal.DownloadSourcesJob - Downloaded sources for javax.servlet:jstl:1.2
2026-08-05 10:53:34,405 [Worker-17: Download sources and javadoc] INFO  o.e.m.j.internal.DownloadSourcesJob - Downloaded sources for junit:junit:4.7
2026-08-05 10:53:34,641 [Worker-18: Building] WARN  o.e.m.c.i.embedder.EclipseLogger - Using platform encoding (MS949 actually) to copy filtered resources, i.e. build is platform dependent!
2026-08-05 10:53:34,642 [Worker-18: Building] INFO  o.e.m.c.i.embedder.EclipseLogger - Copying 0 resource
2026-08-05 10:53:34,643 [Worker-18: Building] WARN  o.e.m.c.i.embedder.EclipseLogger - Using platform encoding (MS949 actually) to copy filtered resources, i.e. build is platform dependent!
2026-08-05 10:53:34,645 [Worker-18: Building] INFO  o.e.m.c.i.embedder.EclipseLogger - Copying 0 resource
2026-08-05 11:25:31,668 [Worker-22: Building] INFO  o.e.m.c.i.l.LifecycleMappingFactory - Using org.maven.ide.eclipse.wtp.WarLifecycleMapping lifecycle mapping for MavenProject: org.zerock:controller:1.0.0-BUILD-SNAPSHOT @ C:\spring_workspace\ex00\pom.xml.
2026-08-05 11:25:31,855 [Worker-22: Building] INFO  o.e.m.c.i.e.AbstractTransferListenerAdapter - Downloaded https://repo.maven.apache.org/maven2/org/springframework/spring-context/5.0.7.RELEASE/spring-context-5.0.7.RELEASE.pom
2026-08-05 11:25:31,936 [Worker-22: Building] INFO  o.e.m.c.i.e.AbstractTransferListenerAdapter - Downloaded https://repo.maven.apache.org/maven2/org/springframework/spring-aop/5.0.7.RELEASE/spring-aop-5.0.7.RELEASE.pom
2026-08-05 11:25:32,006 [Worker-22: Building] INFO  o.e.m.c.i.e.AbstractTransferListenerAdapter - Downloaded https://repo.maven.apache.org/maven2/org/springframework/spring-beans/5.0.7.RELEASE/spring-beans-5.0.7.RELEASE.pom
2026-08-05 11:25:32,064 [Worker-22: Building] INFO  o.e.m.c.i.e.AbstractTransferListenerAdapter - Downloaded https://repo.maven.apache.org/maven2/org/springframework/spring-core/5.0.7.RELEASE/spring-core-5.0.7.RELEASE.pom
2026-08-05 11:25:32,130 [Worker-22: Building] INFO  o.e.m.c.i.e.AbstractTransferListenerAdapter - Downloaded https://repo.maven.apache.org/maven2/org/springframework/spring-jcl/5.0.7.RELEASE/spring-jcl-5.0.7.RELEASE.pom
2026-08-05 11:25:32,191 [Worker-22: Building] INFO  o.e.m.c.i.e.AbstractTransferListenerAdapter - Downloaded https://repo.maven.apache.org/maven2/org/springframework/spring-expression/5.0.7.RELEASE/spring-expression-5.0.7.RELEASE.pom
2026-08-05 11:25:32,260 [Worker-22: Building] INFO  o.e.m.c.i.e.AbstractTransferListenerAdapter - Downloaded https://repo.maven.apache.org/maven2/org/springframework/spring-webmvc/5.0.7.RELEASE/spring-webmvc-5.0.7.RELEASE.pom
2026-08-05 11:25:32,310 [Worker-22: Building] INFO  o.e.m.c.i.e.AbstractTransferListenerAdapter - Downloaded https://repo.maven.apache.org/maven2/org/springframework/spring-web/5.0.7.RELEASE/spring-web-5.0.7.RELEASE.pom
2026-08-05 11:25:32,354 [AetherRepositoryConnector-repo.maven.apache.org-5-2] INFO  o.e.m.c.i.e.AbstractTransferListenerAdapter - Downloading https://repo.maven.apache.org/maven2/org/springframework/spring-beans/5.0.7.RELEASE/spring-beans-5.0.7.RELEASE.jar
2026-08-05 11:25:32,385 [AetherRepositoryConnector-repo.maven.apache.org-5-0] INFO  o.e.m.c.i.e.AbstractTransferListenerAdapter - Downloading https://repo.maven.apache.org/maven2/org/springframework/spring-context/5.0.7.RELEASE/spring-context-5.0.7.RELEASE.jar
2026-08-05 11:25:32,385 [AetherRepositoryConnector-repo.maven.apache.org-5-4] INFO  o.e.m.c.i.e.AbstractTransferListenerAdapter - Downloading https://repo.maven.apache.org/maven2/org/springframework/spring-jcl/5.0.7.RELEASE/spring-jcl-5.0.7.RELEASE.jar
2026-08-05 11:25:32,385 [AetherRepositoryConnector-repo.maven.apache.org-5-1] INFO  o.e.m.c.i.e.AbstractTransferListenerAdapter - Downloading https://repo.maven.apache.org/maven2/org/springframework/spring-aop/5.0.7.RELEASE/spring-aop-5.0.7.RELEASE.jar
2026-08-05 11:25:32,385 [AetherRepositoryConnector-repo.maven.apache.org-5-3] INFO  o.e.m.c.i.e.AbstractTransferListenerAdapter - Downloading https://repo.maven.apache.org/maven2/org/springframework/spring-core/5.0.7.RELEASE/spring-core-5.0.7.RELEASE.jar
2026-08-05 11:25:32,700 [AetherRepositoryConnector-repo.maven.apache.org-5-4] INFO  o.e.m.c.i.e.AbstractTransferListenerAdapter - Downloaded https://repo.maven.apache.org/maven2/org/springframework/spring-jcl/5.0.7.RELEASE/spring-jcl-5.0.7.RELEASE.jar
2026-08-05 11:25:32,702 [AetherRepositoryConnector-repo.maven.apache.org-5-1] INFO  o.e.m.c.i.e.AbstractTransferListenerAdapter - Downloaded https://repo.maven.apache.org/maven2/org/springframework/spring-aop/5.0.7.RELEASE/spring-aop-5.0.7.RELEASE.jar
2026-08-05 11:25:32,769 [AetherRepositoryConnector-repo.maven.apache.org-5-4] INFO  o.e.m.c.i.e.AbstractTransferListenerAdapter - Downloading https://repo.maven.apache.org/maven2/org/springframework/spring-expression/5.0.7.RELEASE/spring-expression-5.0.7.RELEASE.jar
2026-08-05 11:25:32,785 [AetherRepositoryConnector-repo.maven.apache.org-5-1] INFO  o.e.m.c.i.e.AbstractTransferListenerAdapter - Downloading https://repo.maven.apache.org/maven2/org/springframework/spring-webmvc/5.0.7.RELEASE/spring-webmvc-5.0.7.RELEASE.jar
2026-08-05 11:25:32,793 [AetherRepositoryConnector-repo.maven.apache.org-5-2] INFO  o.e.m.c.i.e.AbstractTransferListenerAdapter - Downloaded https://repo.maven.apache.org/maven2/org/springframework/spring-beans/5.0.7.RELEASE/spring-beans-5.0.7.RELEASE.jar
2026-08-05 11:25:32,961 [AetherRepositoryConnector-repo.maven.apache.org-5-2] INFO  o.e.m.c.i.e.AbstractTransferListenerAdapter - Downloading https://repo.maven.apache.org/maven2/org/springframework/spring-web/5.0.7.RELEASE/spring-web-5.0.7.RELEASE.jar
2026-08-05 11:25:33,037 [AetherRepositoryConnector-repo.maven.apache.org-5-0] INFO  o.e.m.c.i.e.AbstractTransferListenerAdapter - Downloaded https://repo.maven.apache.org/maven2/org/springframework/spring-context/5.0.7.RELEASE/spring-context-5.0.7.RELEASE.jar
2026-08-05 11:25:33,079 [AetherRepositoryConnector-repo.maven.apache.org-5-3] INFO  o.e.m.c.i.e.AbstractTransferListenerAdapter - Downloaded https://repo.maven.apache.org/maven2/org/springframework/spring-core/5.0.7.RELEASE/spring-core-5.0.7.RELEASE.jar
2026-08-05 11:25:33,086 [AetherRepositoryConnector-repo.maven.apache.org-5-4] INFO  o.e.m.c.i.e.AbstractTransferListenerAdapter - Downloaded https://repo.maven.apache.org/maven2/org/springframework/spring-expression/5.0.7.RELEASE/spring-expression-5.0.7.RELEASE.jar
2026-08-05 11:25:33,307 [AetherRepositoryConnector-repo.maven.apache.org-5-1] INFO  o.e.m.c.i.e.AbstractTransferListenerAdapter - Downloaded https://repo.maven.apache.org/maven2/org/springframework/spring-webmvc/5.0.7.RELEASE/spring-webmvc-5.0.7.RELEASE.jar
2026-08-05 11:25:33,354 [AetherRepositoryConnector-repo.maven.apache.org-5-2] INFO  o.e.m.c.i.e.AbstractTransferListenerAdapter - Downloaded https://repo.maven.apache.org/maven2/org/springframework/spring-web/5.0.7.RELEASE/spring-web-5.0.7.RELEASE.jar
2026-08-05 11:25:34,022 [Worker-22: Building] WARN  o.e.m.c.i.embedder.EclipseLogger - Using platform encoding (MS949 actually) to copy filtered resources, i.e. build is platform dependent!
2026-08-05 11:25:34,024 [Worker-22: Building] INFO  o.e.m.c.i.embedder.EclipseLogger - Copying 0 resource
2026-08-05 11:25:34,025 [Worker-22: Building] WARN  o.e.m.c.i.embedder.EclipseLogger - Using platform encoding (MS949 actually) to copy filtered resources, i.e. build is platform dependent!
2026-08-05 11:25:34,026 [Worker-22: Building] INFO  o.e.m.c.i.embedder.EclipseLogger - Copying 0 resource
2026-08-05 11:25:34,027 [Worker-22: Building] INFO  o.e.m.w.i.f.ResourceFilteringBuildParticipant - Changed resources require a complete clean of filtered resources of ex00
2026-08-05 11:25:34,028 [Worker-22: Building] INFO  o.e.m.w.i.f.ResourceFilteringBuildParticipant - Executing resource filtering for ex00
2026-08-05 11:25:34,032 [Worker-22: Building] WARN  o.e.m.c.i.embedder.EclipseLogger - Using platform encoding (MS949 actually) to copy filtered resources, i.e. build is platform dependent!
2026-08-05 11:25:35,173 [Worker-21: Download sources and javadoc] INFO  o.e.m.c.i.e.AbstractTransferListenerAdapter - Downloading https://repo.maven.apache.org/maven2/org/springframework/spring-context/5.0.7.RELEASE/spring-context-5.0.7.RELEASE-sources.jar
2026-08-05 11:25:35,364 [Worker-20: Building] WARN  o.e.m.c.i.embedder.EclipseLogger - Using platform encoding (MS949 actually) to copy filtered resources, i.e. build is platform dependent!
2026-08-05 11:25:35,366 [Worker-20: Building] INFO  o.e.m.c.i.embedder.EclipseLogger - Copying 1 resource
2026-08-05 11:25:35,378 [Worker-20: Building] WARN  o.e.m.c.i.embedder.EclipseLogger - Using platform encoding (MS949 actually) to copy filtered resources, i.e. build is platform dependent!
2026-08-05 11:25:35,380 [Worker-20: Building] INFO  o.e.m.c.i.embedder.EclipseLogger - Copying 1 resource
2026-08-05 11:25:35,382 [Worker-21: Download sources and javadoc] INFO  o.e.m.c.i.e.AbstractTransferListenerAdapter - Downloaded https://repo.maven.apache.org/maven2/org/springframework/spring-context/5.0.7.RELEASE/spring-context-5.0.7.RELEASE-sources.jar
2026-08-05 11:25:35,433 [Worker-21: Download sources and javadoc] INFO  o.e.m.j.internal.DownloadSourcesJob - Downloaded sources for org.springframework:spring-context:5.0.7.RELEASE
2026-08-05 11:25:35,577 [Worker-21: Download sources and javadoc] INFO  o.e.m.c.i.e.AbstractTransferListenerAdapter - Downloading https://repo.maven.apache.org/maven2/org/springframework/spring-aop/5.0.7.RELEASE/spring-aop-5.0.7.RELEASE-sources.jar
2026-08-05 11:25:35,754 [Worker-21: Download sources and javadoc] INFO  o.e.m.c.i.e.AbstractTransferListenerAdapter - Downloaded https://repo.maven.apache.org/maven2/org/springframework/spring-aop/5.0.7.RELEASE/spring-aop-5.0.7.RELEASE-sources.jar
2026-08-05 11:25:35,792 [Worker-21: Download sources and javadoc] INFO  o.e.m.j.internal.DownloadSourcesJob - Downloaded sources for org.springframework:spring-aop:5.0.7.RELEASE
2026-08-05 11:25:35,922 [Worker-21: Download sources and javadoc] INFO  o.e.m.c.i.e.AbstractTransferListenerAdapter - Downloading https://repo.maven.apache.org/maven2/org/springframework/spring-beans/5.0.7.RELEASE/spring-beans-5.0.7.RELEASE-sources.jar
2026-08-05 11:25:36,225 [Worker-21: Download sources and javadoc] INFO  o.e.m.c.i.e.AbstractTransferListenerAdapter - Downloaded https://repo.maven.apache.org/maven2/org/springframework/spring-beans/5.0.7.RELEASE/spring-beans-5.0.7.RELEASE-sources.jar
2026-08-05 11:25:36,265 [Worker-21: Download sources and javadoc] INFO  o.e.m.j.internal.DownloadSourcesJob - Downloaded sources for org.springframework:spring-beans:5.0.7.RELEASE
2026-08-05 11:25:36,350 [Worker-21: Download sources and javadoc] INFO  o.e.m.c.i.e.AbstractTransferListenerAdapter - Downloading https://repo.maven.apache.org/maven2/org/springframework/spring-core/5.0.7.RELEASE/spring-core-5.0.7.RELEASE-sources.jar
2026-08-05 11:25:36,789 [Worker-21: Download sources and javadoc] INFO  o.e.m.c.i.e.AbstractTransferListenerAdapter - Downloaded https://repo.maven.apache.org/maven2/org/springframework/spring-core/5.0.7.RELEASE/spring-core-5.0.7.RELEASE-sources.jar
2026-08-05 11:25:36,825 [Worker-21: Download sources and javadoc] INFO  o.e.m.j.internal.DownloadSourcesJob - Downloaded sources for org.springframework:spring-core:5.0.7.RELEASE
2026-08-05 11:25:36,881 [Worker-21: Download sources and javadoc] INFO  o.e.m.c.i.e.AbstractTransferListenerAdapter - Downloading https://repo.maven.apache.org/maven2/org/springframework/spring-jcl/5.0.7.RELEASE/spring-jcl-5.0.7.RELEASE-sources.jar
2026-08-05 11:25:36,956 [Worker-21: Download sources and javadoc] INFO  o.e.m.c.i.e.AbstractTransferListenerAdapter - Downloaded https://repo.maven.apache.org/maven2/org/springframework/spring-jcl/5.0.7.RELEASE/spring-jcl-5.0.7.RELEASE-sources.jar
2026-08-05 11:25:37,062 [Worker-21: Download sources and javadoc] INFO  o.e.m.j.internal.DownloadSourcesJob - Downloaded sources for org.springframework:spring-jcl:5.0.7.RELEASE
2026-08-05 11:25:37,142 [Worker-21: Download sources and javadoc] INFO  o.e.m.c.i.e.AbstractTransferListenerAdapter - Downloading https://repo.maven.apache.org/maven2/org/springframework/spring-expression/5.0.7.RELEASE/spring-expression-5.0.7.RELEASE-sources.jar
2026-08-05 11:25:37,273 [Worker-21: Download sources and javadoc] INFO  o.e.m.c.i.e.AbstractTransferListenerAdapter - Downloaded https://repo.maven.apache.org/maven2/org/springframework/spring-expression/5.0.7.RELEASE/spring-expression-5.0.7.RELEASE-sources.jar
2026-08-05 11:25:37,336 [Worker-21: Download sources and javadoc] INFO  o.e.m.j.internal.DownloadSourcesJob - Downloaded sources for org.springframework:spring-expression:5.0.7.RELEASE
2026-08-05 11:25:37,397 [Worker-21: Download sources and javadoc] INFO  o.e.m.c.i.e.AbstractTransferListenerAdapter - Downloading https://repo.maven.apache.org/maven2/org/springframework/spring-webmvc/5.0.7.RELEASE/spring-webmvc-5.0.7.RELEASE-sources.jar
2026-08-05 11:25:37,792 [Worker-21: Download sources and javadoc] INFO  o.e.m.c.i.e.AbstractTransferListenerAdapter - Downloaded https://repo.maven.apache.org/maven2/org/springframework/spring-webmvc/5.0.7.RELEASE/spring-webmvc-5.0.7.RELEASE-sources.jar
2026-08-05 11:25:37,865 [Worker-21: Download sources and javadoc] INFO  o.e.m.j.internal.DownloadSourcesJob - Downloaded sources for org.springframework:spring-webmvc:5.0.7.RELEASE
2026-08-05 11:25:37,937 [Worker-21: Download sources and javadoc] INFO  o.e.m.c.i.e.AbstractTransferListenerAdapter - Downloading https://repo.maven.apache.org/maven2/org/springframework/spring-web/5.0.7.RELEASE/spring-web-5.0.7.RELEASE-sources.jar
2026-08-05 11:25:38,228 [Worker-21: Download sources and javadoc] INFO  o.e.m.c.i.e.AbstractTransferListenerAdapter - Downloaded https://repo.maven.apache.org/maven2/org/springframework/spring-web/5.0.7.RELEASE/spring-web-5.0.7.RELEASE-sources.jar
2026-08-05 11:25:38,309 [Worker-21: Download sources and javadoc] INFO  o.e.m.j.internal.DownloadSourcesJob - Downloaded sources for org.springframework:spring-web:5.0.7.RELEASE
2026-08-05 11:25:38,513 [Worker-21: Building] WARN  o.e.m.c.i.embedder.EclipseLogger - Using platform encoding (MS949 actually) to copy filtered resources, i.e. build is platform dependent!
2026-08-05 11:25:38,514 [Worker-21: Building] INFO  o.e.m.c.i.embedder.EclipseLogger - Copying 0 resource
2026-08-05 11:25:38,517 [Worker-21: Building] WARN  o.e.m.c.i.embedder.EclipseLogger - Using platform encoding (MS949 actually) to copy filtered resources, i.e. build is platform dependent!
2026-08-05 11:25:38,519 [Worker-21: Building] INFO  o.e.m.c.i.embedder.EclipseLogger - Copying 0 resource
2026-08-05 11:27:36,230 [Worker-23: Building] INFO  o.e.m.c.i.e.AbstractTransferListenerAdapter - Downloading https://repo.maven.apache.org/maven2/org/apache/maven/plugins/maven-compiler-plugin/3.5.1/maven-compiler-plugin-3.5.1.jar
2026-08-05 11:27:36,275 [Worker-23: Building] INFO  o.e.m.c.i.e.AbstractTransferListenerAdapter - Downloaded https://repo.maven.apache.org/maven2/org/apache/maven/plugins/maven-compiler-plugin/3.5.1/maven-compiler-plugin-3.5.1.jar
2026-08-05 11:27:36,404 [Worker-23: Building] INFO  o.e.m.c.i.e.AbstractTransferListenerAdapter - Downloaded https://repo.maven.apache.org/maven2/org/apache/maven/plugins/maven-compiler-plugin/3.5.1/maven-compiler-plugin-3.5.1.pom
2026-08-05 11:27:36,463 [Worker-23: Building] INFO  o.e.m.c.i.e.AbstractTransferListenerAdapter - Downloaded https://repo.maven.apache.org/maven2/org/apache/maven/plugins/maven-plugins/28/maven-plugins-28.pom
2026-08-05 11:27:36,516 [Worker-23: Building] INFO  o.e.m.c.i.e.AbstractTransferListenerAdapter - Downloaded https://repo.maven.apache.org/maven2/org/apache/maven/maven-parent/27/maven-parent-27.pom
2026-08-05 11:27:36,587 [Worker-23: Building] INFO  o.e.m.c.i.e.AbstractTransferListenerAdapter - Downloaded https://repo.maven.apache.org/maven2/org/apache/apache/17/apache-17.pom
2026-08-05 11:27:36,652 [Worker-23: Building] INFO  o.e.m.c.i.e.AbstractTransferListenerAdapter - Downloaded https://repo.maven.apache.org/maven2/org/apache/maven/maven-plugin-api/3.0/maven-plugin-api-3.0.pom
2026-08-05 11:27:36,713 [Worker-23: Building] INFO  o.e.m.c.i.e.AbstractTransferListenerAdapter - Downloaded https://repo.maven.apache.org/maven2/org/apache/maven/maven/3.0/maven-3.0.pom
2026-08-05 11:27:36,776 [Worker-23: Building] INFO  o.e.m.c.i.e.AbstractTransferListenerAdapter - Downloaded https://repo.maven.apache.org/maven2/org/apache/maven/maven-parent/15/maven-parent-15.pom
2026-08-05 11:27:36,862 [Worker-23: Building] INFO  o.e.m.c.i.e.AbstractTransferListenerAdapter - Downloaded https://repo.maven.apache.org/maven2/org/apache/apache/6/apache-6.pom
2026-08-05 11:27:36,957 [Worker-23: Building] INFO  o.e.m.c.i.e.AbstractTransferListenerAdapter - Downloaded https://repo.maven.apache.org/maven2/org/apache/maven/maven-model/3.0/maven-model-3.0.pom
2026-08-05 11:27:37,017 [Worker-23: Building] INFO  o.e.m.c.i.e.AbstractTransferListenerAdapter - Downloaded https://repo.maven.apache.org/maven2/org/codehaus/plexus/plexus-utils/2.0.4/plexus-utils-2.0.4.pom
2026-08-05 11:27:37,098 [Worker-23: Building] INFO  o.e.m.c.i.e.AbstractTransferListenerAdapter - Downloaded https://repo.maven.apache.org/maven2/org/apache/maven/maven-artifact/3.0/maven-artifact-3.0.pom
2026-08-05 11:27:37,178 [Worker-23: Building] INFO  o.e.m.c.i.e.AbstractTransferListenerAdapter - Downloaded https://repo.maven.apache.org/maven2/org/sonatype/sisu/sisu-inject-plexus/1.4.2/sisu-inject-plexus-1.4.2.pom
2026-08-05 11:27:37,240 [Worker-23: Building] INFO  o.e.m.c.i.e.AbstractTransferListenerAdapter - Downloaded https://repo.maven.apache.org/maven2/org/sonatype/sisu/inject/guice-plexus/1.4.2/guice-plexus-1.4.2.pom
2026-08-05 11:27:37,299 [Worker-23: Building] INFO  o.e.m.c.i.e.AbstractTransferListenerAdapter - Downloaded https://repo.maven.apache.org/maven2/org/sonatype/sisu/inject/guice-bean/1.4.2/guice-bean-1.4.2.pom
2026-08-05 11:27:37,351 [Worker-23: Building] INFO  o.e.m.c.i.e.AbstractTransferListenerAdapter - Downloaded https://repo.maven.apache.org/maven2/org/sonatype/sisu/sisu-inject/1.4.2/sisu-inject-1.4.2.pom
2026-08-05 11:27:37,412 [Worker-23: Building] INFO  o.e.m.c.i.e.AbstractTransferListenerAdapter - Downloaded https://repo.maven.apache.org/maven2/org/sonatype/sisu/sisu-parent/1.4.2/sisu-parent-1.4.2.pom
2026-08-05 11:27:37,469 [Worker-23: Building] INFO  o.e.m.c.i.e.AbstractTransferListenerAdapter - Downloaded https://repo.maven.apache.org/maven2/org/sonatype/forge/forge-parent/6/forge-parent-6.pom
2026-08-05 11:27:37,546 [Worker-23: Building] INFO  o.e.m.c.i.e.AbstractTransferListenerAdapter - Downloaded https://repo.maven.apache.org/maven2/org/codehaus/plexus/plexus-component-annotations/1.5.5/plexus-component-annotations-1.5.5.pom
2026-08-05 11:27:37,612 [Worker-23: Building] INFO  o.e.m.c.i.e.AbstractTransferListenerAdapter - Downloaded https://repo.maven.apache.org/maven2/org/codehaus/plexus/plexus-containers/1.5.5/plexus-containers-1.5.5.pom
2026-08-05 11:27:37,684 [Worker-23: Building] INFO  o.e.m.c.i.e.AbstractTransferListenerAdapter - Downloaded https://repo.maven.apache.org/maven2/org/codehaus/plexus/plexus/2.0.7/plexus-2.0.7.pom
2026-08-05 11:27:37,797 [Worker-23: Building] INFO  o.e.m.c.i.e.AbstractTransferListenerAdapter - Downloaded https://repo.maven.apache.org/maven2/org/codehaus/plexus/plexus-classworlds/2.2.3/plexus-classworlds-2.2.3.pom
2026-08-05 11:27:37,877 [Worker-23: Building] INFO  o.e.m.c.i.e.AbstractTransferListenerAdapter - Downloaded https://repo.maven.apache.org/maven2/org/sonatype/sisu/sisu-inject-bean/1.4.2/sisu-inject-bean-1.4.2.pom
2026-08-05 11:27:37,930 [Worker-23: Building] INFO  o.e.m.c.i.e.AbstractTransferListenerAdapter - Downloaded https://repo.maven.apache.org/maven2/org/sonatype/sisu/sisu-guice/2.1.7/sisu-guice-2.1.7.pom
2026-08-05 11:27:38,001 [Worker-23: Building] INFO  o.e.m.c.i.e.AbstractTransferListenerAdapter - Downloaded https://repo.maven.apache.org/maven2/org/apache/maven/maven-core/3.0/maven-core-3.0.pom
2026-08-05 11:27:38,132 [Worker-23: Building] INFO  o.e.m.c.i.e.AbstractTransferListenerAdapter - Downloaded https://repo.maven.apache.org/maven2/org/apache/maven/maven-settings/3.0/maven-settings-3.0.pom
2026-08-05 11:27:38,220 [Worker-23: Building] INFO  o.e.m.c.i.e.AbstractTransferListenerAdapter - Downloaded https://repo.maven.apache.org/maven2/org/apache/maven/maven-settings-builder/3.0/maven-settings-builder-3.0.pom
2026-08-05 11:27:38,295 [Worker-23: Building] INFO  o.e.m.c.i.e.AbstractTransferListenerAdapter - Downloaded https://repo.maven.apache.org/maven2/org/codehaus/plexus/plexus-interpolation/1.14/plexus-interpolation-1.14.pom
2026-08-05 11:27:38,346 [Worker-23: Building] INFO  o.e.m.c.i.e.AbstractTransferListenerAdapter - Downloaded https://repo.maven.apache.org/maven2/org/codehaus/plexus/plexus-components/1.1.18/plexus-components-1.1.18.pom
2026-08-05 11:27:38,410 [Worker-23: Building] INFO  o.e.m.c.i.e.AbstractTransferListenerAdapter - Downloaded https://repo.maven.apache.org/maven2/org/sonatype/plexus/plexus-sec-dispatcher/1.3/plexus-sec-dispatcher-1.3.pom
2026-08-05 11:27:38,481 [Worker-23: Building] INFO  o.e.m.c.i.e.AbstractTransferListenerAdapter - Downloaded https://repo.maven.apache.org/maven2/org/sonatype/spice/spice-parent/12/spice-parent-12.pom
2026-08-05 11:27:38,532 [Worker-23: Building] INFO  o.e.m.c.i.e.AbstractTransferListenerAdapter - Downloaded https://repo.maven.apache.org/maven2/org/sonatype/forge/forge-parent/4/forge-parent-4.pom
2026-08-05 11:27:38,600 [Worker-23: Building] INFO  o.e.m.c.i.e.AbstractTransferListenerAdapter - Downloaded https://repo.maven.apache.org/maven2/org/codehaus/plexus/plexus-utils/1.5.5/plexus-utils-1.5.5.pom
2026-08-05 11:27:38,688 [Worker-23: Building] INFO  o.e.m.c.i.e.AbstractTransferListenerAdapter - Downloaded https://repo.maven.apache.org/maven2/org/sonatype/plexus/plexus-cipher/1.4/plexus-cipher-1.4.pom
2026-08-05 11:27:38,760 [Worker-23: Building] INFO  o.e.m.c.i.e.AbstractTransferListenerAdapter - Downloaded https://repo.maven.apache.org/maven2/org/apache/maven/maven-repository-metadata/3.0/maven-repository-metadata-3.0.pom
2026-08-05 11:27:38,829 [Worker-23: Building] INFO  o.e.m.c.i.e.AbstractTransferListenerAdapter - Downloaded https://repo.maven.apache.org/maven2/org/apache/maven/maven-model-builder/3.0/maven-model-builder-3.0.pom
2026-08-05 11:27:38,902 [Worker-23: Building] INFO  o.e.m.c.i.e.AbstractTransferListenerAdapter - Downloaded https://repo.maven.apache.org/maven2/org/apache/maven/maven-aether-provider/3.0/maven-aether-provider-3.0.pom
2026-08-05 11:27:38,980 [Worker-23: Building] INFO  o.e.m.c.i.e.AbstractTransferListenerAdapter - Downloaded https://repo.maven.apache.org/maven2/org/sonatype/aether/aether-api/1.7/aether-api-1.7.pom
2026-08-05 11:27:39,061 [Worker-23: Building] INFO  o.e.m.c.i.e.AbstractTransferListenerAdapter - Downloaded https://repo.maven.apache.org/maven2/org/sonatype/aether/aether-parent/1.7/aether-parent-1.7.pom
2026-08-05 11:27:39,142 [Worker-23: Building] INFO  o.e.m.c.i.e.AbstractTransferListenerAdapter - Downloaded https://repo.maven.apache.org/maven2/org/sonatype/aether/aether-util/1.7/aether-util-1.7.pom
2026-08-05 11:27:39,234 [Worker-23: Building] INFO  o.e.m.c.i.e.AbstractTransferListenerAdapter - Downloaded https://repo.maven.apache.org/maven2/org/sonatype/aether/aether-impl/1.7/aether-impl-1.7.pom
2026-08-05 11:27:39,312 [Worker-23: Building] INFO  o.e.m.c.i.e.AbstractTransferListenerAdapter - Downloaded https://repo.maven.apache.org/maven2/org/sonatype/aether/aether-spi/1.7/aether-spi-1.7.pom
2026-08-05 11:27:39,416 [Worker-23: Building] INFO  o.e.m.c.i.e.AbstractTransferListenerAdapter - Downloaded https://repo.maven.apache.org/maven2/org/apache/maven/maven-toolchain/2.2.1/maven-toolchain-2.2.1.pom
2026-08-05 11:27:39,535 [Worker-23: Building] INFO  o.e.m.c.i.e.AbstractTransferListenerAdapter - Downloaded https://repo.maven.apache.org/maven2/org/apache/maven/maven/2.2.1/maven-2.2.1.pom
2026-08-05 11:27:39,620 [Worker-23: Building] INFO  o.e.m.c.i.e.AbstractTransferListenerAdapter - Downloaded https://repo.maven.apache.org/maven2/org/apache/maven/maven-parent/11/maven-parent-11.pom
2026-08-05 11:27:39,744 [Worker-23: Building] INFO  o.e.m.c.i.e.AbstractTransferListenerAdapter - Downloaded https://repo.maven.apache.org/maven2/org/apache/apache/5/apache-5.pom
2026-08-05 11:27:39,811 [Worker-23: Building] INFO  o.e.m.c.i.e.AbstractTransferListenerAdapter - Downloaded https://repo.maven.apache.org/maven2/org/apache/maven/maven-core/2.2.1/maven-core-2.2.1.pom
2026-08-05 11:27:39,881 [Worker-23: Building] INFO  o.e.m.c.i.e.AbstractTransferListenerAdapter - Downloaded https://repo.maven.apache.org/maven2/org/apache/maven/maven-settings/2.2.1/maven-settings-2.2.1.pom
2026-08-05 11:27:39,964 [Worker-23: Building] INFO  o.e.m.c.i.e.AbstractTransferListenerAdapter - Downloaded https://repo.maven.apache.org/maven2/org/apache/maven/maven-model/2.2.1/maven-model-2.2.1.pom
2026-08-05 11:27:40,056 [Worker-23: Building] INFO  o.e.m.c.i.e.AbstractTransferListenerAdapter - Downloaded https://repo.maven.apache.org/maven2/org/codehaus/plexus/plexus-interpolation/1.11/plexus-interpolation-1.11.pom
2026-08-05 11:27:40,196 [Worker-23: Building] INFO  o.e.m.c.i.e.AbstractTransferListenerAdapter - Downloaded https://repo.maven.apache.org/maven2/org/apache/maven/maven-plugin-parameter-documenter/2.2.1/maven-plugin-parameter-documenter-2.2.1.pom
2026-08-05 11:27:40,266 [Worker-23: Building] INFO  o.e.m.c.i.e.AbstractTransferListenerAdapter - Downloaded https://repo.maven.apache.org/maven2/org/slf4j/slf4j-jdk14/1.5.6/slf4j-jdk14-1.5.6.pom
2026-08-05 11:27:40,345 [Worker-23: Building] INFO  o.e.m.c.i.e.AbstractTransferListenerAdapter - Downloaded https://repo.maven.apache.org/maven2/org/slf4j/slf4j-parent/1.5.6/slf4j-parent-1.5.6.pom
2026-08-05 11:27:40,411 [Worker-23: Building] INFO  o.e.m.c.i.e.AbstractTransferListenerAdapter - Downloaded https://repo.maven.apache.org/maven2/org/slf4j/slf4j-api/1.5.6/slf4j-api-1.5.6.pom
2026-08-05 11:27:40,478 [Worker-23: Building] INFO  o.e.m.c.i.e.AbstractTransferListenerAdapter - Downloaded https://repo.maven.apache.org/maven2/org/slf4j/jcl-over-slf4j/1.5.6/jcl-over-slf4j-1.5.6.pom
2026-08-05 11:27:40,552 [Worker-23: Building] INFO  o.e.m.c.i.e.AbstractTransferListenerAdapter - Downloaded https://repo.maven.apache.org/maven2/org/apache/maven/reporting/maven-reporting-api/2.2.1/maven-reporting-api-2.2.1.pom
2026-08-05 11:27:40,626 [Worker-23: Building] INFO  o.e.m.c.i.e.AbstractTransferListenerAdapter - Downloaded https://repo.maven.apache.org/maven2/org/apache/maven/reporting/maven-reporting/2.2.1/maven-reporting-2.2.1.pom
2026-08-05 11:27:40,692 [Worker-23: Building] INFO  o.e.m.c.i.e.AbstractTransferListenerAdapter - Downloaded https://repo.maven.apache.org/maven2/org/apache/maven/doxia/doxia-sink-api/1.1/doxia-sink-api-1.1.pom
2026-08-05 11:27:40,771 [Worker-23: Building] INFO  o.e.m.c.i.e.AbstractTransferListenerAdapter - Downloaded https://repo.maven.apache.org/maven2/org/apache/maven/doxia/doxia/1.1/doxia-1.1.pom
2026-08-05 11:27:40,834 [Worker-23: Building] INFO  o.e.m.c.i.e.AbstractTransferListenerAdapter - Downloaded https://repo.maven.apache.org/maven2/org/apache/maven/doxia/doxia-logging-api/1.1/doxia-logging-api-1.1.pom
2026-08-05 11:27:41,140 [Worker-23: Building] INFO  o.e.m.c.i.e.AbstractTransferListenerAdapter - Downloaded https://repo.maven.apache.org/maven2/org/codehaus/plexus/plexus-container-default/1.0-alpha-30/plexus-container-default-1.0-alpha-30.pom
2026-08-05 11:27:41,205 [Worker-23: Building] INFO  o.e.m.c.i.e.AbstractTransferListenerAdapter - Downloaded https://repo.maven.apache.org/maven2/org/codehaus/plexus/plexus-containers/1.0-alpha-30/plexus-containers-1.0-alpha-30.pom
2026-08-05 11:27:41,274 [Worker-23: Building] INFO  o.e.m.c.i.e.AbstractTransferListenerAdapter - Downloaded https://repo.maven.apache.org/maven2/org/codehaus/plexus/plexus-utils/1.4.5/plexus-utils-1.4.5.pom
2026-08-05 11:27:41,334 [Worker-23: Building] INFO  o.e.m.c.i.e.AbstractTransferListenerAdapter - Downloaded https://repo.maven.apache.org/maven2/org/codehaus/plexus/plexus-classworlds/1.2-alpha-9/plexus-classworlds-1.2-alpha-9.pom
2026-08-05 11:27:41,399 [Worker-23: Building] INFO  o.e.m.c.i.e.AbstractTransferListenerAdapter - Downloaded https://repo.maven.apache.org/maven2/org/codehaus/plexus/plexus/1.0.10/plexus-1.0.10.pom
2026-08-05 11:27:41,472 [Worker-23: Building] INFO  o.e.m.c.i.e.AbstractTransferListenerAdapter - Downloaded https://repo.maven.apache.org/maven2/org/apache/maven/maven-profile/2.2.1/maven-profile-2.2.1.pom
2026-08-05 11:27:41,576 [Worker-23: Building] INFO  o.e.m.c.i.e.AbstractTransferListenerAdapter - Downloaded https://repo.maven.apache.org/maven2/org/apache/maven/maven-artifact/2.2.1/maven-artifact-2.2.1.pom
2026-08-05 11:27:41,683 [Worker-23: Building] INFO  o.e.m.c.i.e.AbstractTransferListenerAdapter - Downloaded https://repo.maven.apache.org/maven2/org/apache/maven/maven-repository-metadata/2.2.1/maven-repository-metadata-2.2.1.pom
2026-08-05 11:27:41,776 [Worker-23: Building] INFO  o.e.m.c.i.e.AbstractTransferListenerAdapter - Downloaded https://repo.maven.apache.org/maven2/org/apache/maven/maven-error-diagnostics/2.2.1/maven-error-diagnostics-2.2.1.pom
2026-08-05 11:27:41,911 [Worker-23: Building] INFO  o.e.m.c.i.e.AbstractTransferListenerAdapter - Downloaded https://repo.maven.apache.org/maven2/org/apache/maven/maven-project/2.2.1/maven-project-2.2.1.pom
2026-08-05 11:27:42,020 [Worker-23: Building] INFO  o.e.m.c.i.e.AbstractTransferListenerAdapter - Downloaded https://repo.maven.apache.org/maven2/org/apache/maven/maven-artifact-manager/2.2.1/maven-artifact-manager-2.2.1.pom
2026-08-05 11:27:42,237 [Worker-23: Building] INFO  o.e.m.c.i.e.AbstractTransferListenerAdapter - Downloaded https://repo.maven.apache.org/maven2/backport-util-concurrent/backport-util-concurrent/3.1/backport-util-concurrent-3.1.pom
2026-08-05 11:27:42,352 [Worker-23: Building] INFO  o.e.m.c.i.e.AbstractTransferListenerAdapter - Downloaded https://repo.maven.apache.org/maven2/org/apache/maven/maven-plugin-registry/2.2.1/maven-plugin-registry-2.2.1.pom
2026-08-05 11:27:42,563 [Worker-23: Building] INFO  o.e.m.c.i.e.AbstractTransferListenerAdapter - Downloaded https://repo.maven.apache.org/maven2/commons-cli/commons-cli/1.2/commons-cli-1.2.pom
2026-08-05 11:27:42,776 [Worker-23: Building] INFO  o.e.m.c.i.e.AbstractTransferListenerAdapter - Downloaded https://repo.maven.apache.org/maven2/org/apache/commons/commons-parent/11/commons-parent-11.pom
2026-08-05 11:27:42,917 [Worker-23: Building] INFO  o.e.m.c.i.e.AbstractTransferListenerAdapter - Downloaded https://repo.maven.apache.org/maven2/org/apache/maven/maven-plugin-api/2.2.1/maven-plugin-api-2.2.1.pom
2026-08-05 11:27:43,026 [Worker-23: Building] INFO  o.e.m.c.i.e.AbstractTransferListenerAdapter - Downloaded https://repo.maven.apache.org/maven2/org/apache/maven/maven-plugin-descriptor/2.2.1/maven-plugin-descriptor-2.2.1.pom
2026-08-05 11:27:43,139 [Worker-23: Building] INFO  o.e.m.c.i.e.AbstractTransferListenerAdapter - Downloaded https://repo.maven.apache.org/maven2/org/apache/maven/maven-monitor/2.2.1/maven-monitor-2.2.1.pom
2026-08-05 11:27:43,288 [Worker-23: Building] INFO  o.e.m.c.i.e.AbstractTransferListenerAdapter - Downloaded https://repo.maven.apache.org/maven2/org/apache/maven/shared/maven-shared-utils/3.0.0/maven-shared-utils-3.0.0.pom
2026-08-05 11:27:43,403 [Worker-23: Building] INFO  o.e.m.c.i.e.AbstractTransferListenerAdapter - Downloaded https://repo.maven.apache.org/maven2/org/apache/maven/shared/maven-shared-components/21/maven-shared-components-21.pom
2026-08-05 11:27:43,504 [Worker-23: Building] INFO  o.e.m.c.i.e.AbstractTransferListenerAdapter - Downloaded https://repo.maven.apache.org/maven2/org/apache/maven/maven-parent/25/maven-parent-25.pom
2026-08-05 11:27:43,620 [Worker-23: Building] INFO  o.e.m.c.i.e.AbstractTransferListenerAdapter - Downloaded https://repo.maven.apache.org/maven2/org/apache/apache/15/apache-15.pom
2026-08-05 11:27:43,735 [Worker-23: Building] INFO  o.e.m.c.i.e.AbstractTransferListenerAdapter - Downloaded https://repo.maven.apache.org/maven2/commons-io/commons-io/2.4/commons-io-2.4.pom
2026-08-05 11:27:43,847 [Worker-23: Building] INFO  o.e.m.c.i.e.AbstractTransferListenerAdapter - Downloaded https://repo.maven.apache.org/maven2/org/apache/commons/commons-parent/25/commons-parent-25.pom
2026-08-05 11:27:43,963 [Worker-23: Building] INFO  o.e.m.c.i.e.AbstractTransferListenerAdapter - Downloaded https://repo.maven.apache.org/maven2/org/apache/apache/9/apache-9.pom
2026-08-05 11:27:44,076 [Worker-23: Building] INFO  o.e.m.c.i.e.AbstractTransferListenerAdapter - Downloaded https://repo.maven.apache.org/maven2/com/google/code/findbugs/jsr305/2.0.1/jsr305-2.0.1.pom
2026-08-05 11:27:44,229 [Worker-23: Building] INFO  o.e.m.c.i.e.AbstractTransferListenerAdapter - Downloaded https://repo.maven.apache.org/maven2/org/apache/maven/shared/maven-shared-incremental/1.1/maven-shared-incremental-1.1.pom
2026-08-05 11:27:44,344 [Worker-23: Building] INFO  o.e.m.c.i.e.AbstractTransferListenerAdapter - Downloaded https://repo.maven.apache.org/maven2/org/apache/maven/shared/maven-shared-components/19/maven-shared-components-19.pom
2026-08-05 11:27:44,516 [Worker-23: Building] INFO  o.e.m.c.i.e.AbstractTransferListenerAdapter - Downloaded https://repo.maven.apache.org/maven2/org/apache/maven/maven-parent/23/maven-parent-23.pom
2026-08-05 11:27:44,611 [Worker-23: Building] INFO  o.e.m.c.i.e.AbstractTransferListenerAdapter - Downloaded https://repo.maven.apache.org/maven2/org/apache/apache/13/apache-13.pom
2026-08-05 11:27:44,744 [Worker-23: Building] INFO  o.e.m.c.i.e.AbstractTransferListenerAdapter - Downloaded https://repo.maven.apache.org/maven2/org/apache/maven/shared/maven-shared-utils/0.1/maven-shared-utils-0.1.pom
2026-08-05 11:27:44,834 [Worker-23: Building] INFO  o.e.m.c.i.e.AbstractTransferListenerAdapter - Downloaded https://repo.maven.apache.org/maven2/org/apache/maven/shared/maven-shared-components/18/maven-shared-components-18.pom
2026-08-05 11:27:44,934 [Worker-23: Building] INFO  o.e.m.c.i.e.AbstractTransferListenerAdapter - Downloaded https://repo.maven.apache.org/maven2/org/codehaus/plexus/plexus-compiler-api/2.7/plexus-compiler-api-2.7.pom
2026-08-05 11:27:45,058 [Worker-23: Building] INFO  o.e.m.c.i.e.AbstractTransferListenerAdapter - Downloaded https://repo.maven.apache.org/maven2/org/codehaus/plexus/plexus-compiler/2.7/plexus-compiler-2.7.pom
2026-08-05 11:27:45,181 [Worker-23: Building] INFO  o.e.m.c.i.e.AbstractTransferListenerAdapter - Downloaded https://repo.maven.apache.org/maven2/org/codehaus/plexus/plexus-components/4.0/plexus-components-4.0.pom
2026-08-05 11:27:45,383 [Worker-23: Building] INFO  o.e.m.c.i.e.AbstractTransferListenerAdapter - Downloaded https://repo.maven.apache.org/maven2/org/codehaus/plexus/plexus/4.0/plexus-4.0.pom
2026-08-05 11:27:45,478 [Worker-23: Building] INFO  o.e.m.c.i.e.AbstractTransferListenerAdapter - Downloaded https://repo.maven.apache.org/maven2/org/codehaus/plexus/plexus-utils/3.0.22/plexus-utils-3.0.22.pom
2026-08-05 11:27:45,573 [Worker-23: Building] INFO  o.e.m.c.i.e.AbstractTransferListenerAdapter - Downloaded https://repo.maven.apache.org/maven2/org/codehaus/plexus/plexus/3.3.1/plexus-3.3.1.pom
2026-08-05 11:27:45,662 [Worker-23: Building] INFO  o.e.m.c.i.e.AbstractTransferListenerAdapter - Downloaded https://repo.maven.apache.org/maven2/org/codehaus/plexus/plexus-compiler-manager/2.7/plexus-compiler-manager-2.7.pom
2026-08-05 11:27:45,727 [Worker-23: Building] INFO  o.e.m.c.i.e.AbstractTransferListenerAdapter - Downloaded https://repo.maven.apache.org/maven2/org/codehaus/plexus/plexus-compiler-javac/2.7/plexus-compiler-javac-2.7.pom
2026-08-05 11:27:45,800 [Worker-23: Building] INFO  o.e.m.c.i.e.AbstractTransferListenerAdapter - Downloaded https://repo.maven.apache.org/maven2/org/codehaus/plexus/plexus-compilers/2.7/plexus-compilers-2.7.pom
2026-08-05 11:27:45,834 [AetherRepositoryConnector-repo.maven.apache.org-6-0] INFO  o.e.m.c.i.e.AbstractTransferListenerAdapter - Downloading https://repo.maven.apache.org/maven2/org/apache/maven/maven-plugin-api/3.0/maven-plugin-api-3.0.jar
2026-08-05 11:27:45,872 [AetherRepositoryConnector-repo.maven.apache.org-6-4] INFO  o.e.m.c.i.e.AbstractTransferListenerAdapter - Downloading https://repo.maven.apache.org/maven2/org/sonatype/sisu/sisu-guice/2.1.7/sisu-guice-2.1.7-noaop.jar
2026-08-05 11:27:45,968 [AetherRepositoryConnector-repo.maven.apache.org-6-3] INFO  o.e.m.c.i.e.AbstractTransferListenerAdapter - Downloading https://repo.maven.apache.org/maven2/org/sonatype/sisu/sisu-inject-bean/1.4.2/sisu-inject-bean-1.4.2.jar
2026-08-05 11:27:45,968 [AetherRepositoryConnector-repo.maven.apache.org-6-2] INFO  o.e.m.c.i.e.AbstractTransferListenerAdapter - Downloading https://repo.maven.apache.org/maven2/org/sonatype/sisu/sisu-inject-plexus/1.4.2/sisu-inject-plexus-1.4.2.jar
2026-08-05 11:27:45,968 [AetherRepositoryConnector-repo.maven.apache.org-6-1] INFO  o.e.m.c.i.e.AbstractTransferListenerAdapter - Downloading https://repo.maven.apache.org/maven2/org/apache/maven/maven-model/3.0/maven-model-3.0.jar
2026-08-05 11:27:46,134 [AetherRepositoryConnector-repo.maven.apache.org-6-0] INFO  o.e.m.c.i.e.AbstractTransferListenerAdapter - Downloaded https://repo.maven.apache.org/maven2/org/apache/maven/maven-plugin-api/3.0/maven-plugin-api-3.0.jar
2026-08-05 11:27:46,164 [AetherRepositoryConnector-repo.maven.apache.org-6-2] INFO  o.e.m.c.i.e.AbstractTransferListenerAdapter - Downloaded https://repo.maven.apache.org/maven2/org/sonatype/sisu/sisu-inject-plexus/1.4.2/sisu-inject-plexus-1.4.2.jar
2026-08-05 11:27:46,175 [AetherRepositoryConnector-repo.maven.apache.org-6-0] INFO  o.e.m.c.i.e.AbstractTransferListenerAdapter - Downloading https://repo.maven.apache.org/maven2/org/apache/maven/maven-artifact/3.0/maven-artifact-3.0.jar
2026-08-05 11:27:46,182 [AetherRepositoryConnector-repo.maven.apache.org-6-3] INFO  o.e.m.c.i.e.AbstractTransferListenerAdapter - Downloaded https://repo.maven.apache.org/maven2/org/sonatype/sisu/sisu-inject-bean/1.4.2/sisu-inject-bean-1.4.2.jar
2026-08-05 11:27:46,184 [AetherRepositoryConnector-repo.maven.apache.org-6-4] INFO  o.e.m.c.i.e.AbstractTransferListenerAdapter - Downloaded https://repo.maven.apache.org/maven2/org/sonatype/sisu/sisu-guice/2.1.7/sisu-guice-2.1.7-noaop.jar
2026-08-05 11:27:46,191 [AetherRepositoryConnector-repo.maven.apache.org-6-2] INFO  o.e.m.c.i.e.AbstractTransferListenerAdapter - Downloading https://repo.maven.apache.org/maven2/org/codehaus/plexus/plexus-utils/2.0.4/plexus-utils-2.0.4.jar
2026-08-05 11:27:46,192 [AetherRepositoryConnector-repo.maven.apache.org-6-1] INFO  o.e.m.c.i.e.AbstractTransferListenerAdapter - Downloaded https://repo.maven.apache.org/maven2/org/apache/maven/maven-model/3.0/maven-model-3.0.jar
2026-08-05 11:27:46,232 [AetherRepositoryConnector-repo.maven.apache.org-6-3] INFO  o.e.m.c.i.e.AbstractTransferListenerAdapter - Downloading https://repo.maven.apache.org/maven2/org/apache/maven/maven-core/3.0/maven-core-3.0.jar
2026-08-05 11:27:46,271 [AetherRepositoryConnector-repo.maven.apache.org-6-4] INFO  o.e.m.c.i.e.AbstractTransferListenerAdapter - Downloading https://repo.maven.apache.org/maven2/org/apache/maven/maven-settings/3.0/maven-settings-3.0.jar
2026-08-05 11:27:46,271 [AetherRepositoryConnector-repo.maven.apache.org-6-1] INFO  o.e.m.c.i.e.AbstractTransferListenerAdapter - Downloading https://repo.maven.apache.org/maven2/org/apache/maven/maven-settings-builder/3.0/maven-settings-builder-3.0.jar
2026-08-05 11:27:46,366 [AetherRepositoryConnector-repo.maven.apache.org-6-0] INFO  o.e.m.c.i.e.AbstractTransferListenerAdapter - Downloaded https://repo.maven.apache.org/maven2/org/apache/maven/maven-artifact/3.0/maven-artifact-3.0.jar
2026-08-05 11:27:46,384 [AetherRepositoryConnector-repo.maven.apache.org-6-2] INFO  o.e.m.c.i.e.AbstractTransferListenerAdapter - Downloaded https://repo.maven.apache.org/maven2/org/codehaus/plexus/plexus-utils/2.0.4/plexus-utils-2.0.4.jar
2026-08-05 11:27:46,385 [AetherRepositoryConnector-repo.maven.apache.org-6-0] INFO  o.e.m.c.i.e.AbstractTransferListenerAdapter - Downloading https://repo.maven.apache.org/maven2/org/apache/maven/maven-repository-metadata/3.0/maven-repository-metadata-3.0.jar
2026-08-05 11:27:46,406 [AetherRepositoryConnector-repo.maven.apache.org-6-2] INFO  o.e.m.c.i.e.AbstractTransferListenerAdapter - Downloading https://repo.maven.apache.org/maven2/org/apache/maven/maven-model-builder/3.0/maven-model-builder-3.0.jar
2026-08-05 11:27:46,446 [AetherRepositoryConnector-repo.maven.apache.org-6-3] INFO  o.e.m.c.i.e.AbstractTransferListenerAdapter - Downloaded https://repo.maven.apache.org/maven2/org/apache/maven/maven-core/3.0/maven-core-3.0.jar
2026-08-05 11:27:46,500 [AetherRepositoryConnector-repo.maven.apache.org-6-3] INFO  o.e.m.c.i.e.AbstractTransferListenerAdapter - Downloading https://repo.maven.apache.org/maven2/org/apache/maven/maven-aether-provider/3.0/maven-aether-provider-3.0.jar
2026-08-05 11:27:46,541 [AetherRepositoryConnector-repo.maven.apache.org-6-2] INFO  o.e.m.c.i.e.AbstractTransferListenerAdapter - Downloaded https://repo.maven.apache.org/maven2/org/apache/maven/maven-model-builder/3.0/maven-model-builder-3.0.jar
2026-08-05 11:27:46,543 [AetherRepositoryConnector-repo.maven.apache.org-6-0] INFO  o.e.m.c.i.e.AbstractTransferListenerAdapter - Downloaded https://repo.maven.apache.org/maven2/org/apache/maven/maven-repository-metadata/3.0/maven-repository-metadata-3.0.jar
2026-08-05 11:27:46,552 [AetherRepositoryConnector-repo.maven.apache.org-6-4] INFO  o.e.m.c.i.e.AbstractTransferListenerAdapter - Downloaded https://repo.maven.apache.org/maven2/org/apache/maven/maven-settings/3.0/maven-settings-3.0.jar
2026-08-05 11:27:46,556 [AetherRepositoryConnector-repo.maven.apache.org-6-2] INFO  o.e.m.c.i.e.AbstractTransferListenerAdapter - Downloading https://repo.maven.apache.org/maven2/org/sonatype/aether/aether-impl/1.7/aether-impl-1.7.jar
2026-08-05 11:27:46,585 [AetherRepositoryConnector-repo.maven.apache.org-6-0] INFO  o.e.m.c.i.e.AbstractTransferListenerAdapter - Downloading https://repo.maven.apache.org/maven2/org/sonatype/aether/aether-spi/1.7/aether-spi-1.7.jar
2026-08-05 11:27:46,598 [AetherRepositoryConnector-repo.maven.apache.org-6-4] INFO  o.e.m.c.i.e.AbstractTransferListenerAdapter - Downloading https://repo.maven.apache.org/maven2/org/sonatype/aether/aether-api/1.7/aether-api-1.7.jar
2026-08-05 11:27:46,620 [AetherRepositoryConnector-repo.maven.apache.org-6-3] INFO  o.e.m.c.i.e.AbstractTransferListenerAdapter - Downloaded https://repo.maven.apache.org/maven2/org/apache/maven/maven-aether-provider/3.0/maven-aether-provider-3.0.jar
2026-08-05 11:27:46,622 [AetherRepositoryConnector-repo.maven.apache.org-6-1] INFO  o.e.m.c.i.e.AbstractTransferListenerAdapter - Downloaded https://repo.maven.apache.org/maven2/org/apache/maven/maven-settings-builder/3.0/maven-settings-builder-3.0.jar
2026-08-05 11:27:46,647 [AetherRepositoryConnector-repo.maven.apache.org-6-3] INFO  o.e.m.c.i.e.AbstractTransferListenerAdapter - Downloading https://repo.maven.apache.org/maven2/org/sonatype/aether/aether-util/1.7/aether-util-1.7.jar
2026-08-05 11:27:46,649 [AetherRepositoryConnector-repo.maven.apache.org-6-2] INFO  o.e.m.c.i.e.AbstractTransferListenerAdapter - Downloaded https://repo.maven.apache.org/maven2/org/sonatype/aether/aether-impl/1.7/aether-impl-1.7.jar
2026-08-05 11:27:46,666 [AetherRepositoryConnector-repo.maven.apache.org-6-4] INFO  o.e.m.c.i.e.AbstractTransferListenerAdapter - Downloaded https://repo.maven.apache.org/maven2/org/sonatype/aether/aether-api/1.7/aether-api-1.7.jar
2026-08-05 11:27:46,689 [AetherRepositoryConnector-repo.maven.apache.org-6-1] INFO  o.e.m.c.i.e.AbstractTransferListenerAdapter - Downloading https://repo.maven.apache.org/maven2/org/codehaus/plexus/plexus-interpolation/1.14/plexus-interpolation-1.14.jar
2026-08-05 11:27:46,690 [AetherRepositoryConnector-repo.maven.apache.org-6-2] INFO  o.e.m.c.i.e.AbstractTransferListenerAdapter - Downloading https://repo.maven.apache.org/maven2/org/codehaus/plexus/plexus-classworlds/2.2.3/plexus-classworlds-2.2.3.jar
2026-08-05 11:27:46,699 [AetherRepositoryConnector-repo.maven.apache.org-6-4] INFO  o.e.m.c.i.e.AbstractTransferListenerAdapter - Downloading https://repo.maven.apache.org/maven2/org/codehaus/plexus/plexus-component-annotations/1.5.5/plexus-component-annotations-1.5.5.jar
2026-08-05 11:27:46,762 [AetherRepositoryConnector-repo.maven.apache.org-6-3] INFO  o.e.m.c.i.e.AbstractTransferListenerAdapter - Downloaded https://repo.maven.apache.org/maven2/org/sonatype/aether/aether-util/1.7/aether-util-1.7.jar
2026-08-05 11:27:46,795 [AetherRepositoryConnector-repo.maven.apache.org-6-3] INFO  o.e.m.c.i.e.AbstractTransferListenerAdapter - Downloading https://repo.maven.apache.org/maven2/org/sonatype/plexus/plexus-sec-dispatcher/1.3/plexus-sec-dispatcher-1.3.jar
2026-08-05 11:27:46,802 [AetherRepositoryConnector-repo.maven.apache.org-6-1] INFO  o.e.m.c.i.e.AbstractTransferListenerAdapter - Downloaded https://repo.maven.apache.org/maven2/org/codehaus/plexus/plexus-interpolation/1.14/plexus-interpolation-1.14.jar
2026-08-05 11:27:46,811 [AetherRepositoryConnector-repo.maven.apache.org-6-4] INFO  o.e.m.c.i.e.AbstractTransferListenerAdapter - Downloaded https://repo.maven.apache.org/maven2/org/codehaus/plexus/plexus-component-annotations/1.5.5/plexus-component-annotations-1.5.5.jar
2026-08-05 11:27:46,818 [AetherRepositoryConnector-repo.maven.apache.org-6-1] INFO  o.e.m.c.i.e.AbstractTransferListenerAdapter - Downloading https://repo.maven.apache.org/maven2/org/sonatype/plexus/plexus-cipher/1.4/plexus-cipher-1.4.jar
2026-08-05 11:27:46,839 [AetherRepositoryConnector-repo.maven.apache.org-6-4] INFO  o.e.m.c.i.e.AbstractTransferListenerAdapter - Downloading https://repo.maven.apache.org/maven2/org/apache/maven/maven-toolchain/2.2.1/maven-toolchain-2.2.1.jar
2026-08-05 11:27:46,904 [AetherRepositoryConnector-repo.maven.apache.org-6-0] INFO  o.e.m.c.i.e.AbstractTransferListenerAdapter - Downloaded https://repo.maven.apache.org/maven2/org/sonatype/aether/aether-spi/1.7/aether-spi-1.7.jar
2026-08-05 11:27:46,923 [AetherRepositoryConnector-repo.maven.apache.org-6-0] INFO  o.e.m.c.i.e.AbstractTransferListenerAdapter - Downloading https://repo.maven.apache.org/maven2/org/apache/maven/shared/maven-shared-utils/3.0.0/maven-shared-utils-3.0.0.jar
2026-08-05 11:27:47,058 [AetherRepositoryConnector-repo.maven.apache.org-6-1] INFO  o.e.m.c.i.e.AbstractTransferListenerAdapter - Downloaded https://repo.maven.apache.org/maven2/org/sonatype/plexus/plexus-cipher/1.4/plexus-cipher-1.4.jar
2026-08-05 11:27:47,074 [AetherRepositoryConnector-repo.maven.apache.org-6-0] INFO  o.e.m.c.i.e.AbstractTransferListenerAdapter - Downloaded https://repo.maven.apache.org/maven2/org/apache/maven/shared/maven-shared-utils/3.0.0/maven-shared-utils-3.0.0.jar
2026-08-05 11:27:47,088 [AetherRepositoryConnector-repo.maven.apache.org-6-3] INFO  o.e.m.c.i.e.AbstractTransferListenerAdapter - Downloaded https://repo.maven.apache.org/maven2/org/sonatype/plexus/plexus-sec-dispatcher/1.3/plexus-sec-dispatcher-1.3.jar
2026-08-05 11:27:47,098 [AetherRepositoryConnector-repo.maven.apache.org-6-1] INFO  o.e.m.c.i.e.AbstractTransferListenerAdapter - Downloading https://repo.maven.apache.org/maven2/commons-io/commons-io/2.4/commons-io-2.4.jar
2026-08-05 11:27:47,129 [AetherRepositoryConnector-repo.maven.apache.org-6-0] INFO  o.e.m.c.i.e.AbstractTransferListenerAdapter - Downloading https://repo.maven.apache.org/maven2/com/google/code/findbugs/jsr305/2.0.1/jsr305-2.0.1.jar
2026-08-05 11:27:47,129 [AetherRepositoryConnector-repo.maven.apache.org-6-3] INFO  o.e.m.c.i.e.AbstractTransferListenerAdapter - Downloading https://repo.maven.apache.org/maven2/org/apache/maven/shared/maven-shared-incremental/1.1/maven-shared-incremental-1.1.jar
2026-08-05 11:27:47,272 [AetherRepositoryConnector-repo.maven.apache.org-6-1] INFO  o.e.m.c.i.e.AbstractTransferListenerAdapter - Downloaded https://repo.maven.apache.org/maven2/commons-io/commons-io/2.4/commons-io-2.4.jar
2026-08-05 11:27:47,300 [AetherRepositoryConnector-repo.maven.apache.org-6-2] INFO  o.e.m.c.i.e.AbstractTransferListenerAdapter - Downloaded https://repo.maven.apache.org/maven2/org/codehaus/plexus/plexus-classworlds/2.2.3/plexus-classworlds-2.2.3.jar
2026-08-05 11:27:47,313 [AetherRepositoryConnector-repo.maven.apache.org-6-1] INFO  o.e.m.c.i.e.AbstractTransferListenerAdapter - Downloading https://repo.maven.apache.org/maven2/org/codehaus/plexus/plexus-compiler-api/2.7/plexus-compiler-api-2.7.jar
2026-08-05 11:27:47,365 [AetherRepositoryConnector-repo.maven.apache.org-6-2] INFO  o.e.m.c.i.e.AbstractTransferListenerAdapter - Downloading https://repo.maven.apache.org/maven2/org/codehaus/plexus/plexus-compiler-manager/2.7/plexus-compiler-manager-2.7.jar
2026-08-05 11:27:47,413 [AetherRepositoryConnector-repo.maven.apache.org-6-3] INFO  o.e.m.c.i.e.AbstractTransferListenerAdapter - Downloaded https://repo.maven.apache.org/maven2/org/apache/maven/shared/maven-shared-incremental/1.1/maven-shared-incremental-1.1.jar
2026-08-05 11:27:47,443 [AetherRepositoryConnector-repo.maven.apache.org-6-3] INFO  o.e.m.c.i.e.AbstractTransferListenerAdapter - Downloading https://repo.maven.apache.org/maven2/org/codehaus/plexus/plexus-compiler-javac/2.7/plexus-compiler-javac-2.7.jar
2026-08-05 11:27:47,453 [AetherRepositoryConnector-repo.maven.apache.org-6-4] INFO  o.e.m.c.i.e.AbstractTransferListenerAdapter - Downloaded https://repo.maven.apache.org/maven2/org/apache/maven/maven-toolchain/2.2.1/maven-toolchain-2.2.1.jar
2026-08-05 11:27:47,485 [AetherRepositoryConnector-repo.maven.apache.org-6-2] INFO  o.e.m.c.i.e.AbstractTransferListenerAdapter - Downloaded https://repo.maven.apache.org/maven2/org/codehaus/plexus/plexus-compiler-manager/2.7/plexus-compiler-manager-2.7.jar
2026-08-05 11:27:47,808 [AetherRepositoryConnector-repo.maven.apache.org-6-3] INFO  o.e.m.c.i.e.AbstractTransferListenerAdapter - Downloaded https://repo.maven.apache.org/maven2/org/codehaus/plexus/plexus-compiler-javac/2.7/plexus-compiler-javac-2.7.jar
2026-08-05 11:27:47,930 [AetherRepositoryConnector-repo.maven.apache.org-6-1] INFO  o.e.m.c.i.e.AbstractTransferListenerAdapter - Downloaded https://repo.maven.apache.org/maven2/org/codehaus/plexus/plexus-compiler-api/2.7/plexus-compiler-api-2.7.jar
2026-08-05 11:27:48,095 [AetherRepositoryConnector-repo.maven.apache.org-6-0] INFO  o.e.m.c.i.e.AbstractTransferListenerAdapter - Downloaded https://repo.maven.apache.org/maven2/com/google/code/findbugs/jsr305/2.0.1/jsr305-2.0.1.jar
2026-08-05 11:27:55,638 [Worker-23: Building] INFO  o.e.m.c.i.l.LifecycleMappingFactory - Using org.maven.ide.eclipse.wtp.WarLifecycleMapping lifecycle mapping for MavenProject: org.zerock:controller:1.0.0-BUILD-SNAPSHOT @ C:\spring_workspace\ex00\pom.xml.
2026-08-05 11:27:56,158 [Worker-23: Building] WARN  o.e.m.c.i.embedder.EclipseLogger - Using platform encoding (MS949 actually) to copy filtered resources, i.e. build is platform dependent!
2026-08-05 11:27:56,161 [Worker-23: Building] INFO  o.e.m.c.i.embedder.EclipseLogger - Copying 0 resource
2026-08-05 11:27:56,163 [Worker-23: Building] WARN  o.e.m.c.i.embedder.EclipseLogger - Using platform encoding (MS949 actually) to copy filtered resources, i.e. build is platform dependent!
2026-08-05 11:27:56,164 [Worker-23: Building] INFO  o.e.m.c.i.embedder.EclipseLogger - Copying 0 resource
2026-08-05 11:27:56,164 [Worker-23: Building] INFO  o.e.m.w.i.f.ResourceFilteringBuildParticipant - Changed resources require a complete clean of filtered resources of ex00
2026-08-05 11:27:56,165 [Worker-23: Building] INFO  o.e.m.w.i.f.ResourceFilteringBuildParticipant - Executing resource filtering for ex00
2026-08-05 11:27:56,170 [Worker-23: Building] WARN  o.e.m.c.i.embedder.EclipseLogger - Using platform encoding (MS949 actually) to copy filtered resources, i.e. build is platform dependent!
2026-08-05 11:29:58,422 [Worker-26: Updating Maven Project] INFO  o.e.m.c.i.p.ProjectConfigurationManager - Update started
2026-08-05 11:29:58,725 [Worker-26: Updating Maven Project] INFO  o.e.m.c.i.l.LifecycleMappingFactory - Using org.maven.ide.eclipse.wtp.WarLifecycleMapping lifecycle mapping for MavenProject: org.zerock:controller:1.0.0-BUILD-SNAPSHOT @ C:\spring_workspace\ex00\pom.xml.
2026-08-05 11:29:59,072 [Worker-26: Updating Maven Project] INFO  o.e.m.j.i.AbstractJavaProjectConfigurator - Adding source folder /ex00/src/main/java
2026-08-05 11:29:59,072 [Worker-26: Updating Maven Project] INFO  o.e.m.j.i.AbstractJavaProjectConfigurator - Adding resource folder /ex00/src/main/resources
2026-08-05 11:29:59,073 [Worker-26: Updating Maven Project] INFO  o.e.m.j.i.AbstractJavaProjectConfigurator - Adding source folder /ex00/src/test/java
2026-08-05 11:29:59,073 [Worker-26: Updating Maven Project] INFO  o.e.m.j.i.AbstractJavaProjectConfigurator - Adding resource folder /ex00/src/test/resources
2026-08-05 11:30:00,857 [Worker-26: Updating Maven Project] INFO  o.e.m.w.i.f.ResourceFilteringBuildParticipant - Cleaning filtered folder for ex00
2026-08-05 11:30:00,863 [Worker-26: Updating Maven Project] INFO  o.e.m.c.i.p.ProjectConfigurationManager - Update completed: 2 sec
2026-08-05 11:30:01,083 [Worker-28: Building Project ex00] WARN  o.e.m.c.i.embedder.EclipseLogger - Using platform encoding (MS949 actually) to copy filtered resources, i.e. build is platform dependent!
2026-08-05 11:30:01,085 [Worker-28: Building Project ex00] INFO  o.e.m.c.i.embedder.EclipseLogger - Copying 1 resource
2026-08-05 11:30:01,095 [Worker-28: Building Project ex00] WARN  o.e.m.c.i.embedder.EclipseLogger - Using platform encoding (MS949 actually) to copy filtered resources, i.e. build is platform dependent!
2026-08-05 11:30:01,096 [Worker-28: Building Project ex00] INFO  o.e.m.c.i.embedder.EclipseLogger - Copying 1 resource
2026-08-05 11:30:01,098 [Worker-28: Building Project ex00] INFO  o.e.m.w.i.f.ResourceFilteringBuildParticipant - Changed resources require a complete clean of filtered resources of ex00
2026-08-05 11:30:01,098 [Worker-28: Building Project ex00] INFO  o.e.m.w.i.f.ResourceFilteringBuildParticipant - Executing resource filtering for ex00
2026-08-05 11:30:01,101 [Worker-28: Building Project ex00] WARN  o.e.m.c.i.embedder.EclipseLogger - Using platform encoding (MS949 actually) to copy filtered resources, i.e. build is platform dependent!
2026-08-05 11:30:02,095 [Worker-28: Building] WARN  o.e.m.c.i.embedder.EclipseLogger - Using platform encoding (MS949 actually) to copy filtered resources, i.e. build is platform dependent!
2026-08-05 11:30:02,097 [Worker-28: Building] INFO  o.e.m.c.i.embedder.EclipseLogger - Copying 0 resource
2026-08-05 11:30:02,097 [Worker-28: Building] WARN  o.e.m.c.i.embedder.EclipseLogger - Using platform encoding (MS949 actually) to copy filtered resources, i.e. build is platform dependent!
2026-08-05 11:30:02,098 [Worker-28: Building] INFO  o.e.m.c.i.embedder.EclipseLogger - Copying 0 resource
2026-08-05 11:33:37,398 [Worker-31: Building] WARN  o.e.m.c.i.embedder.EclipseLogger - Using platform encoding (MS949 actually) to copy filtered resources, i.e. build is platform dependent!
2026-08-05 11:33:37,399 [Worker-31: Building] INFO  o.e.m.c.i.embedder.EclipseLogger - Copying 1 resource
2026-08-05 11:33:37,402 [Worker-31: Building] WARN  o.e.m.c.i.embedder.EclipseLogger - Using platform encoding (MS949 actually) to copy filtered resources, i.e. build is platform dependent!
2026-08-05 11:33:37,403 [Worker-31: Building] INFO  o.e.m.c.i.embedder.EclipseLogger - Copying 1 resource
2026-08-05 11:33:37,411 [Worker-31: Building] INFO  o.e.m.w.i.f.ResourceFilteringBuildParticipant - Changed resources require a complete clean of filtered resources of ex00
2026-08-05 11:33:37,412 [Worker-31: Building] INFO  o.e.m.w.i.f.ResourceFilteringBuildParticipant - Executing resource filtering for ex00
2026-08-05 11:33:37,415 [Worker-31: Building] WARN  o.e.m.c.i.embedder.EclipseLogger - Using platform encoding (MS949 actually) to copy filtered resources, i.e. build is platform dependent!
2026-08-05 14:04:32,770 [Worker-83: Building] INFO  o.e.m.c.i.l.LifecycleMappingFactory - Using org.maven.ide.eclipse.wtp.WarLifecycleMapping lifecycle mapping for MavenProject: org.zerock:controller:1.0.0-BUILD-SNAPSHOT @ C:\spring_workspace\ex00\pom.xml.
2026-08-05 14:04:33,407 [Worker-83: Building] INFO  o.e.m.c.i.e.AbstractTransferListenerAdapter - Downloaded https://repo.maven.apache.org/maven2/junit/junit/4.12/junit-4.12.pom
2026-08-05 14:04:33,542 [Worker-83: Building] INFO  o.e.m.c.i.e.AbstractTransferListenerAdapter - Downloaded https://repo.maven.apache.org/maven2/org/hamcrest/hamcrest-core/1.3/hamcrest-core-1.3.pom
2026-08-05 14:04:33,626 [Worker-83: Building] INFO  o.e.m.c.i.e.AbstractTransferListenerAdapter - Downloaded https://repo.maven.apache.org/maven2/org/hamcrest/hamcrest-parent/1.3/hamcrest-parent-1.3.pom
2026-08-05 14:04:33,672 [AetherRepositoryConnector-repo.maven.apache.org-7-0] INFO  o.e.m.c.i.e.AbstractTransferListenerAdapter - Downloading https://repo.maven.apache.org/maven2/junit/junit/4.12/junit-4.12.jar
2026-08-05 14:04:33,730 [AetherRepositoryConnector-repo.maven.apache.org-7-1] INFO  o.e.m.c.i.e.AbstractTransferListenerAdapter - Downloading https://repo.maven.apache.org/maven2/org/hamcrest/hamcrest-core/1.3/hamcrest-core-1.3.jar
2026-08-05 14:04:33,808 [AetherRepositoryConnector-repo.maven.apache.org-7-0] INFO  o.e.m.c.i.e.AbstractTransferListenerAdapter - Downloaded https://repo.maven.apache.org/maven2/junit/junit/4.12/junit-4.12.jar
2026-08-05 14:04:34,404 [AetherRepositoryConnector-repo.maven.apache.org-7-1] INFO  o.e.m.c.i.e.AbstractTransferListenerAdapter - Downloaded https://repo.maven.apache.org/maven2/org/hamcrest/hamcrest-core/1.3/hamcrest-core-1.3.jar
2026-08-05 14:04:40,870 [Worker-86: Download sources and javadoc] INFO  o.e.m.c.i.e.AbstractTransferListenerAdapter - Downloading https://repo.maven.apache.org/maven2/junit/junit/4.12/junit-4.12-sources.jar
2026-08-05 14:04:40,970 [Worker-86: Download sources and javadoc] INFO  o.e.m.c.i.e.AbstractTransferListenerAdapter - Downloaded https://repo.maven.apache.org/maven2/junit/junit/4.12/junit-4.12-sources.jar
2026-08-05 14:04:41,062 [Worker-86: Download sources and javadoc] INFO  o.e.m.j.internal.DownloadSourcesJob - Downloaded sources for junit:junit:4.12
2026-08-05 14:04:41,117 [Worker-86: Download sources and javadoc] INFO  o.e.m.c.i.e.AbstractTransferListenerAdapter - Downloading https://repo.maven.apache.org/maven2/org/hamcrest/hamcrest-core/1.3/hamcrest-core-1.3-sources.jar
2026-08-05 14:04:41,177 [Worker-83: Building] WARN  o.e.m.c.i.embedder.EclipseLogger - Using platform encoding (MS949 actually) to copy filtered resources, i.e. build is platform dependent!
2026-08-05 14:04:41,181 [Worker-83: Building] INFO  o.e.m.c.i.embedder.EclipseLogger - Copying 0 resource
2026-08-05 14:04:41,184 [Worker-83: Building] WARN  o.e.m.c.i.embedder.EclipseLogger - Using platform encoding (MS949 actually) to copy filtered resources, i.e. build is platform dependent!
2026-08-05 14:04:41,186 [Worker-83: Building] INFO  o.e.m.c.i.embedder.EclipseLogger - Copying 0 resource
2026-08-05 14:04:41,186 [Worker-83: Building] INFO  o.e.m.w.i.f.ResourceFilteringBuildParticipant - Changed resources require a complete clean of filtered resources of ex00
2026-08-05 14:04:41,186 [Worker-83: Building] INFO  o.e.m.w.i.f.ResourceFilteringBuildParticipant - Executing resource filtering for ex00
2026-08-05 14:04:41,191 [Worker-83: Building] WARN  o.e.m.c.i.embedder.EclipseLogger - Using platform encoding (MS949 actually) to copy filtered resources, i.e. build is platform dependent!
2026-08-05 14:04:41,647 [Worker-86: Download sources and javadoc] INFO  o.e.m.c.i.e.AbstractTransferListenerAdapter - Downloaded https://repo.maven.apache.org/maven2/org/hamcrest/hamcrest-core/1.3/hamcrest-core-1.3-sources.jar
2026-08-05 14:04:42,377 [Worker-86: Download sources and javadoc] INFO  o.e.m.j.internal.DownloadSourcesJob - Downloaded sources for org.hamcrest:hamcrest-core:1.3
2026-08-05 14:04:43,307 [Worker-88: Building] WARN  o.e.m.c.i.embedder.EclipseLogger - Using platform encoding (MS949 actually) to copy filtered resources, i.e. build is platform dependent!
2026-08-05 14:04:43,309 [Worker-88: Building] INFO  o.e.m.c.i.embedder.EclipseLogger - Copying 1 resource
2026-08-05 14:04:43,317 [Worker-88: Building] WARN  o.e.m.c.i.embedder.EclipseLogger - Using platform encoding (MS949 actually) to copy filtered resources, i.e. build is platform dependent!
2026-08-05 14:04:43,319 [Worker-88: Building] INFO  o.e.m.c.i.embedder.EclipseLogger - Copying 1 resource
2026-08-05 14:08:24,789 [Worker-83: Building] INFO  o.e.m.c.i.l.LifecycleMappingFactory - Using org.maven.ide.eclipse.wtp.WarLifecycleMapping lifecycle mapping for MavenProject: org.zerock:controller:1.0.0-BUILD-SNAPSHOT @ C:\spring_workspace\ex00\pom.xml.
2026-08-05 14:08:25,017 [Worker-83: Building] INFO  o.e.m.c.i.e.AbstractTransferListenerAdapter - Downloaded https://repo.maven.apache.org/maven2/org/springframework/spring-test/5.0.7.RELEASE/spring-test-5.0.7.RELEASE.pom
2026-08-05 14:08:25,053 [Worker-83: Building] INFO  o.e.m.c.i.e.AbstractTransferListenerAdapter - Downloading https://repo.maven.apache.org/maven2/org/springframework/spring-test/5.0.7.RELEASE/spring-test-5.0.7.RELEASE.jar
2026-08-05 14:08:25,188 [Worker-83: Building] INFO  o.e.m.c.i.e.AbstractTransferListenerAdapter - Downloaded https://repo.maven.apache.org/maven2/org/springframework/spring-test/5.0.7.RELEASE/spring-test-5.0.7.RELEASE.jar
2026-08-05 14:08:25,496 [Worker-83: Building] ERROR o.e.m.c.i.p.ProjectConfigurationManager - Could not read maven project
org.eclipse.core.runtime.CoreException: Could not read maven project
	at org.eclipse.m2e.core.internal.project.registry.ProjectRegistryManager.readProjectWithDependencies(ProjectRegistryManager.java:847) [org.eclipse.m2e.core_1.15.0.20200305-1308.jar:na]
	at org.eclipse.m2e.core.internal.project.registry.ProjectRegistryManager.lambda$22(ProjectRegistryManager.java:1064) [org.eclipse.m2e.core_1.15.0.20200305-1308.jar:na]
	at com.google.common.cache.LocalCache$LocalManualCache$1.load(LocalCache.java:4878) ~[com.google.guava_27.1.0.v20190517-1946.jar:na]
	at com.google.common.cache.LocalCache$LoadingValueReference.loadFuture(LocalCache.java:3529) ~[com.google.guava_27.1.0.v20190517-1946.jar:na]
	at com.google.common.cache.LocalCache$Segment.loadSync(LocalCache.java:2278) ~[com.google.guava_27.1.0.v20190517-1946.jar:na]
	at com.google.common.cache.LocalCache$Segment.lockedGetOrLoad(LocalCache.java:2155) ~[com.google.guava_27.1.0.v20190517-1946.jar:na]
	at com.google.common.cache.LocalCache$Segment.get(LocalCache.java:2045) ~[com.google.guava_27.1.0.v20190517-1946.jar:na]
	at com.google.common.cache.LocalCache.get(LocalCache.java:3953) ~[com.google.guava_27.1.0.v20190517-1946.jar:na]
	at com.google.common.cache.LocalCache$LocalManualCache.get(LocalCache.java:4873) ~[com.google.guava_27.1.0.v20190517-1946.jar:na]
	at org.eclipse.m2e.core.internal.project.registry.ProjectRegistryManager.getMavenProject(ProjectRegistryManager.java:1063) [org.eclipse.m2e.core_1.15.0.20200305-1308.jar:na]
	at org.eclipse.m2e.core.internal.project.registry.MavenProjectFacade.getMavenProject(MavenProjectFacade.java:244) ~[org.eclipse.m2e.core_1.15.0.20200305-1308.jar:na]
	at org.eclipse.m2e.wtp.jaxrs.internal.configurators.JaxRsProjectConfigurator.mavenProjectChanged(JaxRsProjectConfigurator.java:175) ~[na:na]
	at org.eclipse.m2e.core.internal.project.ProjectConfigurationManager.mavenProjectChanged(ProjectConfigurationManager.java:1033) ~[org.eclipse.m2e.core_1.15.0.20200305-1308.jar:na]
	at org.eclipse.m2e.core.internal.project.registry.ProjectRegistryManager.notifyProjectChangeListeners(ProjectRegistryManager.java:821) [org.eclipse.m2e.core_1.15.0.20200305-1308.jar:na]
	at org.eclipse.m2e.core.internal.project.registry.ProjectRegistryManager.applyMutableProjectRegistry(ProjectRegistryManager.java:985) [org.eclipse.m2e.core_1.15.0.20200305-1308.jar:na]
	at org.eclipse.m2e.core.internal.project.registry.ProjectRegistryManager.refresh(ProjectRegistryManager.java:314) [org.eclipse.m2e.core_1.15.0.20200305-1308.jar:na]
	at org.eclipse.m2e.core.internal.builder.MavenBuilder$BuildMethod.getProjectFacade(MavenBuilder.java:151) [org.eclipse.m2e.core_1.15.0.20200305-1308.jar:na]
	at org.eclipse.m2e.core.internal.builder.MavenBuilder$BuildMethod.lambda$0(MavenBuilder.java:89) [org.eclipse.m2e.core_1.15.0.20200305-1308.jar:na]
	at org.eclipse.m2e.core.internal.embedder.MavenExecutionContext.executeBare(MavenExecutionContext.java:179) ~[org.eclipse.m2e.core_1.15.0.20200305-1308.jar:na]
	at org.eclipse.m2e.core.internal.embedder.MavenExecutionContext.execute(MavenExecutionContext.java:153) ~[org.eclipse.m2e.core_1.15.0.20200305-1308.jar:na]
	at org.eclipse.m2e.core.internal.embedder.MavenExecutionContext.execute(MavenExecutionContext.java:101) ~[org.eclipse.m2e.core_1.15.0.20200305-1308.jar:na]
	at org.eclipse.m2e.core.internal.builder.MavenBuilder$BuildMethod.execute(MavenBuilder.java:88) [org.eclipse.m2e.core_1.15.0.20200305-1308.jar:na]
	at org.eclipse.m2e.core.internal.builder.MavenBuilder.build(MavenBuilder.java:197) ~[org.eclipse.m2e.core_1.15.0.20200305-1308.jar:na]
	at org.eclipse.core.internal.events.BuildManager$2.run(BuildManager.java:833) ~[org.eclipse.core.resources_3.13.600.v20191122-2104.jar:na]
	at org.eclipse.core.runtime.SafeRunner.run(SafeRunner.java:45) ~[org.eclipse.equinox.common_3.10.600.v20191004-1420.jar:na]
	at org.eclipse.core.internal.events.BuildManager.basicBuild(BuildManager.java:220) ~[org.eclipse.core.resources_3.13.600.v20191122-2104.jar:na]
	at org.eclipse.core.internal.events.BuildManager.basicBuild(BuildManager.java:263) ~[org.eclipse.core.resources_3.13.600.v20191122-2104.jar:na]
	at org.eclipse.core.internal.events.BuildManager$1.run(BuildManager.java:316) ~[org.eclipse.core.resources_3.13.600.v20191122-2104.jar:na]
	at org.eclipse.core.runtime.SafeRunner.run(SafeRunner.java:45) ~[org.eclipse.equinox.common_3.10.600.v20191004-1420.jar:na]
	at org.eclipse.core.internal.events.BuildManager.basicBuild(BuildManager.java:319) ~[org.eclipse.core.resources_3.13.600.v20191122-2104.jar:na]
	at org.eclipse.core.internal.events.BuildManager.basicBuildLoop(BuildManager.java:371) ~[org.eclipse.core.resources_3.13.600.v20191122-2104.jar:na]
	at org.eclipse.core.internal.events.BuildManager.build(BuildManager.java:392) ~[org.eclipse.core.resources_3.13.600.v20191122-2104.jar:na]
	at org.eclipse.core.internal.events.AutoBuildJob.doBuild(AutoBuildJob.java:154) ~[org.eclipse.core.resources_3.13.600.v20191122-2104.jar:na]
	at org.eclipse.core.internal.events.AutoBuildJob.run(AutoBuildJob.java:244) ~[org.eclipse.core.resources_3.13.600.v20191122-2104.jar:na]
	at org.eclipse.core.internal.jobs.Worker.run(Worker.java:63) ~[org.eclipse.core.jobs_3.10.600.v20191122-2104.jar:na]
2026-08-05 14:08:25,528 [Worker-83: Building] INFO  o.e.m.w.i.f.ResourceFilteringBuildParticipant - Changed resources require a complete clean of filtered resources of ex00
2026-08-05 14:08:25,528 [Worker-83: Building] INFO  o.e.m.w.i.f.ResourceFilteringBuildParticipant - Executing resource filtering for ex00
2026-08-05 14:11:54,543 [Worker-93: reload maven project] INFO  o.e.m.c.i.e.AbstractTransferListenerAdapter - Downloaded https://repo.maven.apache.org/maven2/org/projectlombok/lombok/1.18.0/lombok-1.18.0.pom
2026-08-05 14:11:54,597 [AetherRepositoryConnector-repo.maven.apache.org-8-0] INFO  o.e.m.c.i.e.AbstractTransferListenerAdapter - Downloading https://repo.maven.apache.org/maven2/log4j/log4j/1.2.17/log4j-1.2.17.jar
2026-08-05 14:11:54,658 [AetherRepositoryConnector-repo.maven.apache.org-8-1] INFO  o.e.m.c.i.e.AbstractTransferListenerAdapter - Downloading https://repo.maven.apache.org/maven2/org/projectlombok/lombok/1.18.0/lombok-1.18.0.jar
2026-08-05 14:11:54,702 [Worker-88: Building] INFO  o.e.m.c.i.l.LifecycleMappingFactory - Using org.maven.ide.eclipse.wtp.WarLifecycleMapping lifecycle mapping for MavenProject: org.zerock:controller:1.0.0-BUILD-SNAPSHOT @ C:\spring_workspace\ex00\pom.xml.
2026-08-05 14:11:54,809 [AetherRepositoryConnector-repo.maven.apache.org-9-1] INFO  o.e.m.c.i.e.AbstractTransferListenerAdapter - Downloading https://repo.maven.apache.org/maven2/org/projectlombok/lombok/1.18.0/lombok-1.18.0.jar
2026-08-05 14:11:54,960 [AetherRepositoryConnector-repo.maven.apache.org-9-0] INFO  o.e.m.c.i.e.AbstractTransferListenerAdapter - Downloading https://repo.maven.apache.org/maven2/log4j/log4j/1.2.17/log4j-1.2.17.jar
2026-08-05 14:11:55,114 [AetherRepositoryConnector-repo.maven.apache.org-8-0] INFO  o.e.m.c.i.e.AbstractTransferListenerAdapter - Downloaded https://repo.maven.apache.org/maven2/log4j/log4j/1.2.17/log4j-1.2.17.jar
2026-08-05 14:11:55,349 [AetherRepositoryConnector-repo.maven.apache.org-8-1] INFO  o.e.m.c.i.e.AbstractTransferListenerAdapter - Downloaded https://repo.maven.apache.org/maven2/org/projectlombok/lombok/1.18.0/lombok-1.18.0.jar
2026-08-05 14:11:55,548 [AetherRepositoryConnector-repo.maven.apache.org-9-0] INFO  o.e.m.c.i.e.AbstractTransferListenerAdapter - Downloaded https://repo.maven.apache.org/maven2/log4j/log4j/1.2.17/log4j-1.2.17.jar
2026-08-05 14:11:55,722 [AetherRepositoryConnector-repo.maven.apache.org-9-1] INFO  o.e.m.c.i.e.AbstractTransferListenerAdapter - Downloaded https://repo.maven.apache.org/maven2/org/projectlombok/lombok/1.18.0/lombok-1.18.0.jar
2026-08-05 14:11:56,061 [Worker-88: Building] WARN  o.e.m.c.i.embedder.EclipseLogger - Using platform encoding (MS949 actually) to copy filtered resources, i.e. build is platform dependent!
2026-08-05 14:11:56,063 [Worker-88: Building] INFO  o.e.m.c.i.embedder.EclipseLogger - Copying 0 resource
2026-08-05 14:11:56,064 [Worker-88: Building] WARN  o.e.m.c.i.embedder.EclipseLogger - Using platform encoding (MS949 actually) to copy filtered resources, i.e. build is platform dependent!
2026-08-05 14:11:56,064 [Worker-88: Building] INFO  o.e.m.c.i.embedder.EclipseLogger - Copying 0 resource
2026-08-05 14:11:56,065 [Worker-88: Building] INFO  o.e.m.w.i.f.ResourceFilteringBuildParticipant - Changed resources require a complete clean of filtered resources of ex00
2026-08-05 14:11:56,065 [Worker-88: Building] INFO  o.e.m.w.i.f.ResourceFilteringBuildParticipant - Executing resource filtering for ex00
2026-08-05 14:11:56,067 [Worker-88: Building] WARN  o.e.m.c.i.embedder.EclipseLogger - Using platform encoding (MS949 actually) to copy filtered resources, i.e. build is platform dependent!
2026-08-05 14:11:57,571 [Worker-86: Download sources and javadoc] INFO  o.e.m.c.i.e.AbstractTransferListenerAdapter - Downloading https://repo.maven.apache.org/maven2/log4j/log4j/1.2.17/log4j-1.2.17-sources.jar
2026-08-05 14:11:57,589 [Worker-88: Building] WARN  o.e.m.c.i.embedder.EclipseLogger - Using platform encoding (MS949 actually) to copy filtered resources, i.e. build is platform dependent!
2026-08-05 14:11:57,592 [Worker-88: Building] INFO  o.e.m.c.i.embedder.EclipseLogger - Copying 1 resource
2026-08-05 14:11:57,599 [Worker-88: Building] WARN  o.e.m.c.i.embedder.EclipseLogger - Using platform encoding (MS949 actually) to copy filtered resources, i.e. build is platform dependent!
2026-08-05 14:11:57,600 [Worker-88: Building] INFO  o.e.m.c.i.embedder.EclipseLogger - Copying 1 resource
2026-08-05 14:11:57,719 [Worker-86: Download sources and javadoc] INFO  o.e.m.c.i.e.AbstractTransferListenerAdapter - Downloaded https://repo.maven.apache.org/maven2/log4j/log4j/1.2.17/log4j-1.2.17-sources.jar
2026-08-05 14:11:57,783 [Worker-86: Download sources and javadoc] INFO  o.e.m.j.internal.DownloadSourcesJob - Downloaded sources for log4j:log4j:1.2.17
2026-08-05 14:11:57,833 [Worker-86: Download sources and javadoc] INFO  o.e.m.c.i.e.AbstractTransferListenerAdapter - Downloading https://repo.maven.apache.org/maven2/org/springframework/spring-test/5.0.7.RELEASE/spring-test-5.0.7.RELEASE-sources.jar
2026-08-05 14:11:58,009 [Worker-86: Download sources and javadoc] INFO  o.e.m.c.i.e.AbstractTransferListenerAdapter - Downloaded https://repo.maven.apache.org/maven2/org/springframework/spring-test/5.0.7.RELEASE/spring-test-5.0.7.RELEASE-sources.jar
2026-08-05 14:11:58,051 [Worker-86: Download sources and javadoc] INFO  o.e.m.j.internal.DownloadSourcesJob - Downloaded sources for org.springframework:spring-test:5.0.7.RELEASE
2026-08-05 14:11:58,111 [Worker-86: Download sources and javadoc] INFO  o.e.m.c.i.e.AbstractTransferListenerAdapter - Downloading https://repo.maven.apache.org/maven2/org/projectlombok/lombok/1.18.0/lombok-1.18.0-sources.jar
2026-08-05 14:11:58,299 [Worker-86: Download sources and javadoc] INFO  o.e.m.c.i.e.AbstractTransferListenerAdapter - Downloaded https://repo.maven.apache.org/maven2/org/projectlombok/lombok/1.18.0/lombok-1.18.0-sources.jar
2026-08-05 14:11:58,341 [Worker-86: Download sources and javadoc] INFO  o.e.m.j.internal.DownloadSourcesJob - Downloaded sources for org.projectlombok:lombok:1.18.0
2026-08-05 14:11:58,734 [Worker-95: Building] WARN  o.e.m.c.i.embedder.EclipseLogger - Using platform encoding (MS949 actually) to copy filtered resources, i.e. build is platform dependent!
2026-08-05 14:11:58,734 [Worker-95: Building] INFO  o.e.m.c.i.embedder.EclipseLogger - Copying 0 resource
2026-08-05 14:11:58,736 [Worker-95: Building] WARN  o.e.m.c.i.embedder.EclipseLogger - Using platform encoding (MS949 actually) to copy filtered resources, i.e. build is platform dependent!
2026-08-05 14:11:58,737 [Worker-95: Building] INFO  o.e.m.c.i.embedder.EclipseLogger - Copying 0 resource
2026-08-05 14:12:02,911 [Worker-88: Building] INFO  o.e.m.c.i.l.LifecycleMappingFactory - Using org.maven.ide.eclipse.wtp.WarLifecycleMapping lifecycle mapping for MavenProject: org.zerock:controller:1.0.0-BUILD-SNAPSHOT @ C:\spring_workspace\ex00\pom.xml.
2026-08-05 14:12:03,098 [Worker-88: Building] ERROR o.e.m.c.i.p.ProjectConfigurationManager - Could not read maven project
org.eclipse.core.runtime.CoreException: Could not read maven project
	at org.eclipse.m2e.core.internal.project.registry.ProjectRegistryManager.readProjectWithDependencies(ProjectRegistryManager.java:847) [org.eclipse.m2e.core_1.15.0.20200305-1308.jar:na]
	at org.eclipse.m2e.core.internal.project.registry.ProjectRegistryManager.lambda$22(ProjectRegistryManager.java:1064) [org.eclipse.m2e.core_1.15.0.20200305-1308.jar:na]
	at com.google.common.cache.LocalCache$LocalManualCache$1.load(LocalCache.java:4878) ~[com.google.guava_27.1.0.v20190517-1946.jar:na]
	at com.google.common.cache.LocalCache$LoadingValueReference.loadFuture(LocalCache.java:3529) ~[com.google.guava_27.1.0.v20190517-1946.jar:na]
	at com.google.common.cache.LocalCache$Segment.loadSync(LocalCache.java:2278) ~[com.google.guava_27.1.0.v20190517-1946.jar:na]
	at com.google.common.cache.LocalCache$Segment.lockedGetOrLoad(LocalCache.java:2155) ~[com.google.guava_27.1.0.v20190517-1946.jar:na]
	at com.google.common.cache.LocalCache$Segment.get(LocalCache.java:2045) ~[com.google.guava_27.1.0.v20190517-1946.jar:na]
	at com.google.common.cache.LocalCache.get(LocalCache.java:3953) ~[com.google.guava_27.1.0.v20190517-1946.jar:na]
	at com.google.common.cache.LocalCache$LocalManualCache.get(LocalCache.java:4873) ~[com.google.guava_27.1.0.v20190517-1946.jar:na]
	at org.eclipse.m2e.core.internal.project.registry.ProjectRegistryManager.getMavenProject(ProjectRegistryManager.java:1063) [org.eclipse.m2e.core_1.15.0.20200305-1308.jar:na]
	at org.eclipse.m2e.core.internal.project.registry.MavenProjectFacade.getMavenProject(MavenProjectFacade.java:244) ~[org.eclipse.m2e.core_1.15.0.20200305-1308.jar:na]
	at org.eclipse.m2e.wtp.jaxrs.internal.configurators.JaxRsProjectConfigurator.mavenProjectChanged(JaxRsProjectConfigurator.java:175) ~[na:na]
	at org.eclipse.m2e.core.internal.project.ProjectConfigurationManager.mavenProjectChanged(ProjectConfigurationManager.java:1033) ~[org.eclipse.m2e.core_1.15.0.20200305-1308.jar:na]
	at org.eclipse.m2e.core.internal.project.registry.ProjectRegistryManager.notifyProjectChangeListeners(ProjectRegistryManager.java:821) [org.eclipse.m2e.core_1.15.0.20200305-1308.jar:na]
	at org.eclipse.m2e.core.internal.project.registry.ProjectRegistryManager.applyMutableProjectRegistry(ProjectRegistryManager.java:985) [org.eclipse.m2e.core_1.15.0.20200305-1308.jar:na]
	at org.eclipse.m2e.core.internal.project.registry.ProjectRegistryManager.refresh(ProjectRegistryManager.java:314) [org.eclipse.m2e.core_1.15.0.20200305-1308.jar:na]
	at org.eclipse.m2e.core.internal.builder.MavenBuilder$BuildMethod.getProjectFacade(MavenBuilder.java:151) [org.eclipse.m2e.core_1.15.0.20200305-1308.jar:na]
	at org.eclipse.m2e.core.internal.builder.MavenBuilder$BuildMethod.lambda$0(MavenBuilder.java:89) [org.eclipse.m2e.core_1.15.0.20200305-1308.jar:na]
	at org.eclipse.m2e.core.internal.embedder.MavenExecutionContext.executeBare(MavenExecutionContext.java:179) ~[org.eclipse.m2e.core_1.15.0.20200305-1308.jar:na]
	at org.eclipse.m2e.core.internal.embedder.MavenExecutionContext.execute(MavenExecutionContext.java:153) ~[org.eclipse.m2e.core_1.15.0.20200305-1308.jar:na]
	at org.eclipse.m2e.core.internal.embedder.MavenExecutionContext.execute(MavenExecutionContext.java:101) ~[org.eclipse.m2e.core_1.15.0.20200305-1308.jar:na]
	at org.eclipse.m2e.core.internal.builder.MavenBuilder$BuildMethod.execute(MavenBuilder.java:88) [org.eclipse.m2e.core_1.15.0.20200305-1308.jar:na]
	at org.eclipse.m2e.core.internal.builder.MavenBuilder.build(MavenBuilder.java:197) ~[org.eclipse.m2e.core_1.15.0.20200305-1308.jar:na]
	at org.eclipse.core.internal.events.BuildManager$2.run(BuildManager.java:833) ~[org.eclipse.core.resources_3.13.600.v20191122-2104.jar:na]
	at org.eclipse.core.runtime.SafeRunner.run(SafeRunner.java:45) ~[org.eclipse.equinox.common_3.10.600.v20191004-1420.jar:na]
	at org.eclipse.core.internal.events.BuildManager.basicBuild(BuildManager.java:220) ~[org.eclipse.core.resources_3.13.600.v20191122-2104.jar:na]
	at org.eclipse.core.internal.events.BuildManager.basicBuild(BuildManager.java:263) ~[org.eclipse.core.resources_3.13.600.v20191122-2104.jar:na]
	at org.eclipse.core.internal.events.BuildManager$1.run(BuildManager.java:316) ~[org.eclipse.core.resources_3.13.600.v20191122-2104.jar:na]
	at org.eclipse.core.runtime.SafeRunner.run(SafeRunner.java:45) ~[org.eclipse.equinox.common_3.10.600.v20191004-1420.jar:na]
	at org.eclipse.core.internal.events.BuildManager.basicBuild(BuildManager.java:319) ~[org.eclipse.core.resources_3.13.600.v20191122-2104.jar:na]
	at org.eclipse.core.internal.events.BuildManager.basicBuildLoop(BuildManager.java:371) ~[org.eclipse.core.resources_3.13.600.v20191122-2104.jar:na]
	at org.eclipse.core.internal.events.BuildManager.build(BuildManager.java:392) ~[org.eclipse.core.resources_3.13.600.v20191122-2104.jar:na]
	at org.eclipse.core.internal.events.AutoBuildJob.doBuild(AutoBuildJob.java:154) ~[org.eclipse.core.resources_3.13.600.v20191122-2104.jar:na]
	at org.eclipse.core.internal.events.AutoBuildJob.run(AutoBuildJob.java:244) ~[org.eclipse.core.resources_3.13.600.v20191122-2104.jar:na]
	at org.eclipse.core.internal.jobs.Worker.run(Worker.java:63) ~[org.eclipse.core.jobs_3.10.600.v20191122-2104.jar:na]
2026-08-05 14:12:03,111 [Worker-88: Building] INFO  o.e.m.w.i.f.ResourceFilteringBuildParticipant - Changed resources require a complete clean of filtered resources of ex00
2026-08-05 14:12:03,111 [Worker-88: Building] INFO  o.e.m.w.i.f.ResourceFilteringBuildParticipant - Executing resource filtering for ex00
2026-08-05 14:12:36,647 [Worker-94: reload maven project] ERROR o.e.m2e.editor.pom.MavenPomEditor - failed to load maven project for org.eclipse.ui.part.FileEditorInput(/ex00/pom.xml)
org.eclipse.core.runtime.CoreException: Could not read maven project
	at org.eclipse.m2e.core.internal.project.registry.ProjectRegistryManager.readProjectWithDependencies(ProjectRegistryManager.java:847) ~[na:na]
	at org.eclipse.m2e.core.internal.project.registry.ProjectRegistryManager.lambda$22(ProjectRegistryManager.java:1064) ~[na:na]
	at com.google.common.cache.LocalCache$LocalManualCache$1.load(LocalCache.java:4878) ~[na:na]
	at com.google.common.cache.LocalCache$LoadingValueReference.loadFuture(LocalCache.java:3529) ~[na:na]
	at com.google.common.cache.LocalCache$Segment.loadSync(LocalCache.java:2278) ~[na:na]
	at com.google.common.cache.LocalCache$Segment.lockedGetOrLoad(LocalCache.java:2155) ~[na:na]
	at com.google.common.cache.LocalCache$Segment.get(LocalCache.java:2045) ~[na:na]
	at com.google.common.cache.LocalCache.get(LocalCache.java:3953) ~[na:na]
	at com.google.common.cache.LocalCache$LocalManualCache.get(LocalCache.java:4873) ~[na:na]
	at org.eclipse.m2e.core.internal.project.registry.ProjectRegistryManager.getMavenProject(ProjectRegistryManager.java:1063) ~[na:na]
	at org.eclipse.m2e.core.internal.project.registry.MavenProjectFacade.getMavenProject(MavenProjectFacade.java:244) ~[na:na]
	at org.eclipse.m2e.core.ui.internal.actions.SelectionUtil.getMavenProject(SelectionUtil.java:261) ~[org.eclipse.m2e.core.ui_1.15.0.20200305-1308.jar:na]
	at org.eclipse.m2e.editor.pom.MavenPomEditor.readMavenProject(MavenPomEditor.java:717) ~[na:na]
	at org.eclipse.m2e.editor.pom.MavenPomEditor$3.run(MavenPomEditor.java:1043) ~[na:na]
	at org.eclipse.core.internal.jobs.Worker.run(Worker.java:63) [org.eclipse.core.jobs_3.10.600.v20191122-2104.jar:na]
2026-08-05 14:12:36,939 [Worker-94: Building] INFO  o.e.m.c.i.l.LifecycleMappingFactory - Using org.maven.ide.eclipse.wtp.WarLifecycleMapping lifecycle mapping for MavenProject: org.zerock:controller:1.0.0-BUILD-SNAPSHOT @ C:\spring_workspace\ex00\pom.xml.
2026-08-05 14:12:37,114 [Worker-94: Building] ERROR o.e.m.c.i.p.ProjectConfigurationManager - Could not read maven project
org.eclipse.core.runtime.CoreException: Could not read maven project
	at org.eclipse.m2e.core.internal.project.registry.ProjectRegistryManager.readProjectWithDependencies(ProjectRegistryManager.java:847) [org.eclipse.m2e.core_1.15.0.20200305-1308.jar:na]
	at org.eclipse.m2e.core.internal.project.registry.ProjectRegistryManager.lambda$22(ProjectRegistryManager.java:1064) [org.eclipse.m2e.core_1.15.0.20200305-1308.jar:na]
	at com.google.common.cache.LocalCache$LocalManualCache$1.load(LocalCache.java:4878) ~[com.google.guava_27.1.0.v20190517-1946.jar:na]
	at com.google.common.cache.LocalCache$LoadingValueReference.loadFuture(LocalCache.java:3529) ~[com.google.guava_27.1.0.v20190517-1946.jar:na]
	at com.google.common.cache.LocalCache$Segment.loadSync(LocalCache.java:2278) ~[com.google.guava_27.1.0.v20190517-1946.jar:na]
	at com.google.common.cache.LocalCache$Segment.lockedGetOrLoad(LocalCache.java:2155) ~[com.google.guava_27.1.0.v20190517-1946.jar:na]
	at com.google.common.cache.LocalCache$Segment.get(LocalCache.java:2045) ~[com.google.guava_27.1.0.v20190517-1946.jar:na]
	at com.google.common.cache.LocalCache.get(LocalCache.java:3953) ~[com.google.guava_27.1.0.v20190517-1946.jar:na]
	at com.google.common.cache.LocalCache$LocalManualCache.get(LocalCache.java:4873) ~[com.google.guava_27.1.0.v20190517-1946.jar:na]
	at org.eclipse.m2e.core.internal.project.registry.ProjectRegistryManager.getMavenProject(ProjectRegistryManager.java:1063) [org.eclipse.m2e.core_1.15.0.20200305-1308.jar:na]
	at org.eclipse.m2e.core.internal.project.registry.MavenProjectFacade.getMavenProject(MavenProjectFacade.java:244) ~[org.eclipse.m2e.core_1.15.0.20200305-1308.jar:na]
	at org.eclipse.m2e.wtp.jaxrs.internal.configurators.JaxRsProjectConfigurator.mavenProjectChanged(JaxRsProjectConfigurator.java:175) ~[na:na]
	at org.eclipse.m2e.core.internal.project.ProjectConfigurationManager.mavenProjectChanged(ProjectConfigurationManager.java:1033) ~[org.eclipse.m2e.core_1.15.0.20200305-1308.jar:na]
	at org.eclipse.m2e.core.internal.project.registry.ProjectRegistryManager.notifyProjectChangeListeners(ProjectRegistryManager.java:821) [org.eclipse.m2e.core_1.15.0.20200305-1308.jar:na]
	at org.eclipse.m2e.core.internal.project.registry.ProjectRegistryManager.applyMutableProjectRegistry(ProjectRegistryManager.java:985) [org.eclipse.m2e.core_1.15.0.20200305-1308.jar:na]
	at org.eclipse.m2e.core.internal.project.registry.ProjectRegistryManager.refresh(ProjectRegistryManager.java:314) [org.eclipse.m2e.core_1.15.0.20200305-1308.jar:na]
	at org.eclipse.m2e.core.internal.builder.MavenBuilder$BuildMethod.getProjectFacade(MavenBuilder.java:151) [org.eclipse.m2e.core_1.15.0.20200305-1308.jar:na]
	at org.eclipse.m2e.core.internal.builder.MavenBuilder$BuildMethod.lambda$0(MavenBuilder.java:89) [org.eclipse.m2e.core_1.15.0.20200305-1308.jar:na]
	at org.eclipse.m2e.core.internal.embedder.MavenExecutionContext.executeBare(MavenExecutionContext.java:179) ~[org.eclipse.m2e.core_1.15.0.20200305-1308.jar:na]
	at org.eclipse.m2e.core.internal.embedder.MavenExecutionContext.execute(MavenExecutionContext.java:153) ~[org.eclipse.m2e.core_1.15.0.20200305-1308.jar:na]
	at org.eclipse.m2e.core.internal.embedder.MavenExecutionContext.execute(MavenExecutionContext.java:101) ~[org.eclipse.m2e.core_1.15.0.20200305-1308.jar:na]
	at org.eclipse.m2e.core.internal.builder.MavenBuilder$BuildMethod.execute(MavenBuilder.java:88) [org.eclipse.m2e.core_1.15.0.20200305-1308.jar:na]
	at org.eclipse.m2e.core.internal.builder.MavenBuilder.build(MavenBuilder.java:197) ~[org.eclipse.m2e.core_1.15.0.20200305-1308.jar:na]
	at org.eclipse.core.internal.events.BuildManager$2.run(BuildManager.java:833) ~[org.eclipse.core.resources_3.13.600.v20191122-2104.jar:na]
	at org.eclipse.core.runtime.SafeRunner.run(SafeRunner.java:45) ~[org.eclipse.equinox.common_3.10.600.v20191004-1420.jar:na]
	at org.eclipse.core.internal.events.BuildManager.basicBuild(BuildManager.java:220) ~[org.eclipse.core.resources_3.13.600.v20191122-2104.jar:na]
	at org.eclipse.core.internal.events.BuildManager.basicBuild(BuildManager.java:263) ~[org.eclipse.core.resources_3.13.600.v20191122-2104.jar:na]
	at org.eclipse.core.internal.events.BuildManager$1.run(BuildManager.java:316) ~[org.eclipse.core.resources_3.13.600.v20191122-2104.jar:na]
	at org.eclipse.core.runtime.SafeRunner.run(SafeRunner.java:45) ~[org.eclipse.equinox.common_3.10.600.v20191004-1420.jar:na]
	at org.eclipse.core.internal.events.BuildManager.basicBuild(BuildManager.java:319) ~[org.eclipse.core.resources_3.13.600.v20191122-2104.jar:na]
	at org.eclipse.core.internal.events.BuildManager.basicBuildLoop(BuildManager.java:371) ~[org.eclipse.core.resources_3.13.600.v20191122-2104.jar:na]
	at org.eclipse.core.internal.events.BuildManager.build(BuildManager.java:392) ~[org.eclipse.core.resources_3.13.600.v20191122-2104.jar:na]
	at org.eclipse.core.internal.events.AutoBuildJob.doBuild(AutoBuildJob.java:154) ~[org.eclipse.core.resources_3.13.600.v20191122-2104.jar:na]
	at org.eclipse.core.internal.events.AutoBuildJob.run(AutoBuildJob.java:244) ~[org.eclipse.core.resources_3.13.600.v20191122-2104.jar:na]
	at org.eclipse.core.internal.jobs.Worker.run(Worker.java:63) ~[org.eclipse.core.jobs_3.10.600.v20191122-2104.jar:na]
2026-08-05 14:12:37,128 [Worker-94: Building] INFO  o.e.m.w.i.f.ResourceFilteringBuildParticipant - Changed resources require a complete clean of filtered resources of ex00
2026-08-05 14:12:37,128 [Worker-94: Building] INFO  o.e.m.w.i.f.ResourceFilteringBuildParticipant - Executing resource filtering for ex00
2026-08-05 14:14:01,429 [Worker-94: Building] INFO  o.e.m.c.i.l.LifecycleMappingFactory - Using org.maven.ide.eclipse.wtp.WarLifecycleMapping lifecycle mapping for MavenProject: org.zerock:controller:1.0.0-BUILD-SNAPSHOT @ C:\spring_workspace\ex00\pom.xml.
2026-08-05 14:14:01,825 [Worker-94: Building] WARN  o.e.m.c.i.embedder.EclipseLogger - Using platform encoding (MS949 actually) to copy filtered resources, i.e. build is platform dependent!
2026-08-05 14:14:01,826 [Worker-94: Building] INFO  o.e.m.c.i.embedder.EclipseLogger - Copying 0 resource
2026-08-05 14:14:01,827 [Worker-94: Building] WARN  o.e.m.c.i.embedder.EclipseLogger - Using platform encoding (MS949 actually) to copy filtered resources, i.e. build is platform dependent!
2026-08-05 14:14:01,827 [Worker-94: Building] INFO  o.e.m.c.i.embedder.EclipseLogger - Copying 0 resource
2026-08-05 14:14:01,828 [Worker-94: Building] INFO  o.e.m.w.i.f.ResourceFilteringBuildParticipant - Changed resources require a complete clean of filtered resources of ex00
2026-08-05 14:14:01,828 [Worker-94: Building] INFO  o.e.m.w.i.f.ResourceFilteringBuildParticipant - Executing resource filtering for ex00
2026-08-05 14:14:01,830 [Worker-94: Building] WARN  o.e.m.c.i.embedder.EclipseLogger - Using platform encoding (MS949 actually) to copy filtered resources, i.e. build is platform dependent!
2026-08-05 14:15:33,213 [Worker-88: Building] WARN  o.e.m.c.i.embedder.EclipseLogger - Using platform encoding (MS949 actually) to copy filtered resources, i.e. build is platform dependent!
2026-08-05 14:15:33,216 [Worker-88: Building] INFO  o.e.m.c.i.embedder.EclipseLogger - Copying 0 resource
2026-08-05 14:15:33,217 [Worker-88: Building] WARN  o.e.m.c.i.embedder.EclipseLogger - Using platform encoding (MS949 actually) to copy filtered resources, i.e. build is platform dependent!
2026-08-05 14:15:33,218 [Worker-88: Building] INFO  o.e.m.c.i.embedder.EclipseLogger - Copying 0 resource
2026-08-05 14:15:58,936 [Worker-94: Building] INFO  o.e.m.c.i.l.LifecycleMappingFactory - Using org.maven.ide.eclipse.wtp.WarLifecycleMapping lifecycle mapping for MavenProject: org.zerock:controller:1.0.0-BUILD-SNAPSHOT @ C:\spring_workspace\ex00\pom.xml.
2026-08-05 14:15:59,188 [Worker-94: Building] WARN  o.e.m.c.i.embedder.EclipseLogger - Using platform encoding (MS949 actually) to copy filtered resources, i.e. build is platform dependent!
2026-08-05 14:15:59,190 [Worker-94: Building] INFO  o.e.m.c.i.embedder.EclipseLogger - Copying 0 resource
2026-08-05 14:15:59,191 [Worker-94: Building] WARN  o.e.m.c.i.embedder.EclipseLogger - Using platform encoding (MS949 actually) to copy filtered resources, i.e. build is platform dependent!
2026-08-05 14:15:59,192 [Worker-94: Building] INFO  o.e.m.c.i.embedder.EclipseLogger - Copying 0 resource
2026-08-05 14:15:59,192 [Worker-94: Building] INFO  o.e.m.w.i.f.ResourceFilteringBuildParticipant - Changed resources require a complete clean of filtered resources of ex00
2026-08-05 14:15:59,192 [Worker-94: Building] INFO  o.e.m.w.i.f.ResourceFilteringBuildParticipant - Executing resource filtering for ex00
2026-08-05 14:15:59,194 [Worker-94: Building] WARN  o.e.m.c.i.embedder.EclipseLogger - Using platform encoding (MS949 actually) to copy filtered resources, i.e. build is platform dependent!
2026-08-05 14:16:05,536 [Worker-95: Building] INFO  o.e.m.c.i.l.LifecycleMappingFactory - Using org.maven.ide.eclipse.wtp.WarLifecycleMapping lifecycle mapping for MavenProject: org.zerock:controller:1.0.0-BUILD-SNAPSHOT @ C:\spring_workspace\ex00\pom.xml.
2026-08-05 14:16:05,795 [Worker-95: Building] WARN  o.e.m.c.i.embedder.EclipseLogger - Using platform encoding (MS949 actually) to copy filtered resources, i.e. build is platform dependent!
2026-08-05 14:16:05,797 [Worker-95: Building] INFO  o.e.m.c.i.embedder.EclipseLogger - Copying 0 resource
2026-08-05 14:16:05,797 [Worker-95: Building] WARN  o.e.m.c.i.embedder.EclipseLogger - Using platform encoding (MS949 actually) to copy filtered resources, i.e. build is platform dependent!
2026-08-05 14:16:05,798 [Worker-95: Building] INFO  o.e.m.c.i.embedder.EclipseLogger - Copying 0 resource
2026-08-05 14:16:05,798 [Worker-95: Building] INFO  o.e.m.w.i.f.ResourceFilteringBuildParticipant - Changed resources require a complete clean of filtered resources of ex00
2026-08-05 14:16:05,798 [Worker-95: Building] INFO  o.e.m.w.i.f.ResourceFilteringBuildParticipant - Executing resource filtering for ex00
2026-08-05 14:16:05,800 [Worker-95: Building] WARN  o.e.m.c.i.embedder.EclipseLogger - Using platform encoding (MS949 actually) to copy filtered resources, i.e. build is platform dependent!
2026-08-05 14:16:16,255 [Worker-96: Building] INFO  o.e.m.c.i.l.LifecycleMappingFactory - Using org.maven.ide.eclipse.wtp.WarLifecycleMapping lifecycle mapping for MavenProject: org.zerock:controller:1.0.0-BUILD-SNAPSHOT @ C:\spring_workspace\ex00\pom.xml.
2026-08-05 14:16:16,540 [Worker-96: Building] WARN  o.e.m.c.i.embedder.EclipseLogger - Using platform encoding (MS949 actually) to copy filtered resources, i.e. build is platform dependent!
2026-08-05 14:16:16,542 [Worker-96: Building] INFO  o.e.m.c.i.embedder.EclipseLogger - Copying 0 resource
2026-08-05 14:16:16,543 [Worker-96: Building] WARN  o.e.m.c.i.embedder.EclipseLogger - Using platform encoding (MS949 actually) to copy filtered resources, i.e. build is platform dependent!
2026-08-05 14:16:16,543 [Worker-96: Building] INFO  o.e.m.c.i.embedder.EclipseLogger - Copying 0 resource
2026-08-05 14:16:16,544 [Worker-96: Building] INFO  o.e.m.w.i.f.ResourceFilteringBuildParticipant - Changed resources require a complete clean of filtered resources of ex00
2026-08-05 14:16:16,544 [Worker-96: Building] INFO  o.e.m.w.i.f.ResourceFilteringBuildParticipant - Executing resource filtering for ex00
2026-08-05 14:16:16,547 [Worker-96: Building] WARN  o.e.m.c.i.embedder.EclipseLogger - Using platform encoding (MS949 actually) to copy filtered resources, i.e. build is platform dependent!
2026-08-05 14:18:31,421 [Worker-96: Building] WARN  o.e.m.c.i.embedder.EclipseLogger - Using platform encoding (MS949 actually) to copy filtered resources, i.e. build is platform dependent!
2026-08-05 14:18:31,424 [Worker-96: Building] INFO  o.e.m.c.i.embedder.EclipseLogger - Copying 1 resource
2026-08-05 14:18:31,431 [Worker-96: Building] WARN  o.e.m.c.i.embedder.EclipseLogger - Using platform encoding (MS949 actually) to copy filtered resources, i.e. build is platform dependent!
2026-08-05 14:18:31,432 [Worker-96: Building] INFO  o.e.m.c.i.embedder.EclipseLogger - Copying 0 resource
2026-08-05 14:19:16,598 [Worker-94: Building] WARN  o.e.m.c.i.embedder.EclipseLogger - Using platform encoding (MS949 actually) to copy filtered resources, i.e. build is platform dependent!
2026-08-05 14:19:16,599 [Worker-94: Building] INFO  o.e.m.c.i.embedder.EclipseLogger - Copying 1 resource
2026-08-05 14:19:16,601 [Worker-94: Building] WARN  o.e.m.c.i.embedder.EclipseLogger - Using platform encoding (MS949 actually) to copy filtered resources, i.e. build is platform dependent!
2026-08-05 14:19:16,601 [Worker-94: Building] INFO  o.e.m.c.i.embedder.EclipseLogger - Copying 0 resource
2026-08-05 14:19:47,859 [Worker-94: Building] WARN  o.e.m.c.i.embedder.EclipseLogger - Using platform encoding (MS949 actually) to copy filtered resources, i.e. build is platform dependent!
2026-08-05 14:19:47,860 [Worker-94: Building] INFO  o.e.m.c.i.embedder.EclipseLogger - Copying 1 resource
2026-08-05 14:19:47,861 [Worker-94: Building] WARN  o.e.m.c.i.embedder.EclipseLogger - Using platform encoding (MS949 actually) to copy filtered resources, i.e. build is platform dependent!
2026-08-05 14:19:47,862 [Worker-94: Building] INFO  o.e.m.c.i.embedder.EclipseLogger - Copying 0 resource
2026-08-05 14:20:46,093 [Worker-88: Building] WARN  o.e.m.c.i.embedder.EclipseLogger - Using platform encoding (MS949 actually) to copy filtered resources, i.e. build is platform dependent!
2026-08-05 14:20:46,095 [Worker-88: Building] INFO  o.e.m.c.i.embedder.EclipseLogger - Copying 1 resource
2026-08-05 14:20:46,095 [Worker-88: Building] WARN  o.e.m.c.i.embedder.EclipseLogger - Using platform encoding (MS949 actually) to copy filtered resources, i.e. build is platform dependent!
2026-08-05 14:20:46,096 [Worker-88: Building] INFO  o.e.m.c.i.embedder.EclipseLogger - Copying 0 resource
2026-08-05 14:20:51,180 [Worker-88: Building] WARN  o.e.m.c.i.embedder.EclipseLogger - Using platform encoding (MS949 actually) to copy filtered resources, i.e. build is platform dependent!
2026-08-05 14:20:51,181 [Worker-88: Building] INFO  o.e.m.c.i.embedder.EclipseLogger - Copying 1 resource
2026-08-05 14:20:51,181 [Worker-88: Building] WARN  o.e.m.c.i.embedder.EclipseLogger - Using platform encoding (MS949 actually) to copy filtered resources, i.e. build is platform dependent!
2026-08-05 14:20:51,182 [Worker-88: Building] INFO  o.e.m.c.i.embedder.EclipseLogger - Copying 0 resource
2026-08-05 14:20:54,449 [Worker-95: Building] WARN  o.e.m.c.i.embedder.EclipseLogger - Using platform encoding (MS949 actually) to copy filtered resources, i.e. build is platform dependent!
2026-08-05 14:20:54,456 [Worker-95: Building] INFO  o.e.m.c.i.embedder.EclipseLogger - Copying 1 resource
2026-08-05 14:20:54,457 [Worker-95: Building] WARN  o.e.m.c.i.embedder.EclipseLogger - Using platform encoding (MS949 actually) to copy filtered resources, i.e. build is platform dependent!
2026-08-05 14:20:54,458 [Worker-95: Building] INFO  o.e.m.c.i.embedder.EclipseLogger - Copying 0 resource
2026-08-05 14:22:25,845 [Worker-94: Building] WARN  o.e.m.c.i.embedder.EclipseLogger - Using platform encoding (MS949 actually) to copy filtered resources, i.e. build is platform dependent!
2026-08-05 14:22:25,845 [Worker-94: Building] INFO  o.e.m.c.i.embedder.EclipseLogger - Copying 1 resource
2026-08-05 14:22:25,846 [Worker-94: Building] WARN  o.e.m.c.i.embedder.EclipseLogger - Using platform encoding (MS949 actually) to copy filtered resources, i.e. build is platform dependent!
2026-08-05 14:22:25,847 [Worker-94: Building] INFO  o.e.m.c.i.embedder.EclipseLogger - Copying 0 resource
2026-08-05 14:22:37,913 [Worker-94: Building] WARN  o.e.m.c.i.embedder.EclipseLogger - Using platform encoding (MS949 actually) to copy filtered resources, i.e. build is platform dependent!
2026-08-05 14:22:37,915 [Worker-94: Building] INFO  o.e.m.c.i.embedder.EclipseLogger - Copying 1 resource
2026-08-05 14:22:37,918 [Worker-94: Building] WARN  o.e.m.c.i.embedder.EclipseLogger - Using platform encoding (MS949 actually) to copy filtered resources, i.e. build is platform dependent!
2026-08-05 14:22:37,919 [Worker-94: Building] INFO  o.e.m.c.i.embedder.EclipseLogger - Copying 0 resource
2026-08-05 14:22:41,622 [Worker-88: Building] WARN  o.e.m.c.i.embedder.EclipseLogger - Using platform encoding (MS949 actually) to copy filtered resources, i.e. build is platform dependent!
2026-08-05 14:22:41,624 [Worker-88: Building] INFO  o.e.m.c.i.embedder.EclipseLogger - Copying 1 resource
2026-08-05 14:22:41,625 [Worker-88: Building] WARN  o.e.m.c.i.embedder.EclipseLogger - Using platform encoding (MS949 actually) to copy filtered resources, i.e. build is platform dependent!
2026-08-05 14:22:41,625 [Worker-88: Building] INFO  o.e.m.c.i.embedder.EclipseLogger - Copying 0 resource
2026-08-05 14:27:56,541 [Worker-3: Loading available Gradle versions] INFO  o.e.b.c.i.u.g.PublishedGradleVersions - Gradle version information cache is up-to-date. Trying to read.
2026-08-05 14:28:09,458 [Worker-15: Building] WARN  o.e.m.c.i.embedder.EclipseLogger - Using platform encoding (MS949 actually) to copy filtered resources, i.e. build is platform dependent!
2026-08-05 14:28:09,465 [Worker-15: Building] INFO  o.e.m.c.i.embedder.EclipseLogger - Copying 1 resource
2026-08-05 14:28:09,477 [Worker-15: Building] WARN  o.e.m.c.i.embedder.EclipseLogger - Using platform encoding (MS949 actually) to copy filtered resources, i.e. build is platform dependent!
2026-08-05 14:28:09,478 [Worker-15: Building] INFO  o.e.m.c.i.embedder.EclipseLogger - Copying 1 resource
2026-08-05 14:28:39,104 [Worker-14: Building] WARN  o.e.m.c.i.embedder.EclipseLogger - Using platform encoding (MS949 actually) to copy filtered resources, i.e. build is platform dependent!
2026-08-05 14:28:39,108 [Worker-14: Building] INFO  o.e.m.c.i.embedder.EclipseLogger - Copying 1 resource
2026-08-05 14:28:39,110 [Worker-14: Building] WARN  o.e.m.c.i.embedder.EclipseLogger - Using platform encoding (MS949 actually) to copy filtered resources, i.e. build is platform dependent!
2026-08-05 14:28:39,111 [Worker-14: Building] INFO  o.e.m.c.i.embedder.EclipseLogger - Copying 0 resource
2026-08-05 14:29:26,851 [Worker-17: Updating Maven Project] INFO  o.e.m.c.i.p.ProjectConfigurationManager - Update started
2026-08-05 14:29:27,191 [Worker-17: Updating Maven Project] INFO  o.e.m.c.i.l.LifecycleMappingFactory - Using org.maven.ide.eclipse.wtp.WarLifecycleMapping lifecycle mapping for MavenProject: org.zerock:controller:1.0.0-BUILD-SNAPSHOT @ C:\Spring_Practice_Project\spring_workspace\ex00\pom.xml.
2026-08-05 14:29:27,789 [Worker-17: Updating Maven Project] INFO  o.e.m.j.i.AbstractJavaProjectConfigurator - Adding source folder /ex00/src/main/java
2026-08-05 14:29:27,789 [Worker-17: Updating Maven Project] INFO  o.e.m.j.i.AbstractJavaProjectConfigurator - Adding resource folder /ex00/src/main/resources
2026-08-05 14:29:27,790 [Worker-17: Updating Maven Project] INFO  o.e.m.j.i.AbstractJavaProjectConfigurator - Adding source folder /ex00/src/test/java
2026-08-05 14:29:27,790 [Worker-17: Updating Maven Project] INFO  o.e.m.j.i.AbstractJavaProjectConfigurator - Adding resource folder /ex00/src/test/resources
2026-08-05 14:29:28,359 [Worker-17: Updating Maven Project] INFO  o.e.m.w.i.f.ResourceFilteringBuildParticipant - Cleaning filtered folder for ex00
2026-08-05 14:29:28,361 [Worker-17: Updating Maven Project] INFO  o.e.m.c.i.p.ProjectConfigurationManager - Update completed: 1 sec
2026-08-05 14:29:28,818 [Worker-10: Building] WARN  o.e.m.c.i.embedder.EclipseLogger - Using platform encoding (MS949 actually) to copy filtered resources, i.e. build is platform dependent!
2026-08-05 14:29:28,819 [Worker-10: Building] INFO  o.e.m.c.i.embedder.EclipseLogger - Copying 1 resource
2026-08-05 14:29:28,824 [Worker-10: Building] WARN  o.e.m.c.i.embedder.EclipseLogger - Using platform encoding (MS949 actually) to copy filtered resources, i.e. build is platform dependent!
2026-08-05 14:29:28,826 [Worker-10: Building] INFO  o.e.m.c.i.embedder.EclipseLogger - Copying 1 resource
2026-08-05 14:29:28,829 [Worker-10: Building] INFO  o.e.m.w.i.f.ResourceFilteringBuildParticipant - Changed resources require a complete clean of filtered resources of ex00
2026-08-05 14:29:28,830 [Worker-10: Building] INFO  o.e.m.w.i.f.ResourceFilteringBuildParticipant - Executing resource filtering for ex00
2026-08-05 14:29:28,836 [Worker-10: Building] WARN  o.e.m.c.i.embedder.EclipseLogger - Using platform encoding (MS949 actually) to copy filtered resources, i.e. build is platform dependent!
2026-08-05 14:41:41,090 [Worker-4: Building] WARN  o.e.m.c.i.embedder.EclipseLogger - Using platform encoding (MS949 actually) to copy filtered resources, i.e. build is platform dependent!
2026-08-05 14:41:41,091 [Worker-4: Building] INFO  o.e.m.c.i.embedder.EclipseLogger - Copying 0 resource
2026-08-05 14:41:41,092 [Worker-4: Building] WARN  o.e.m.c.i.embedder.EclipseLogger - Using platform encoding (MS949 actually) to copy filtered resources, i.e. build is platform dependent!
2026-08-05 14:41:41,092 [Worker-4: Building] INFO  o.e.m.c.i.embedder.EclipseLogger - Copying 0 resource
2026-08-05 14:44:49,083 [Worker-4: Building] WARN  o.e.m.c.i.embedder.EclipseLogger - Using platform encoding (MS949 actually) to copy filtered resources, i.e. build is platform dependent!
2026-08-05 14:44:49,085 [Worker-4: Building] INFO  o.e.m.c.i.embedder.EclipseLogger - Copying 0 resource
2026-08-05 14:44:49,086 [Worker-4: Building] WARN  o.e.m.c.i.embedder.EclipseLogger - Using platform encoding (MS949 actually) to copy filtered resources, i.e. build is platform dependent!
2026-08-05 14:44:49,087 [Worker-4: Building] INFO  o.e.m.c.i.embedder.EclipseLogger - Copying 0 resource
2026-08-05 14:44:51,544 [Worker-4: Building] WARN  o.e.m.c.i.embedder.EclipseLogger - Using platform encoding (MS949 actually) to copy filtered resources, i.e. build is platform dependent!
2026-08-05 14:44:51,544 [Worker-4: Building] INFO  o.e.m.c.i.embedder.EclipseLogger - Copying 0 resource
2026-08-05 14:44:51,545 [Worker-4: Building] WARN  o.e.m.c.i.embedder.EclipseLogger - Using platform encoding (MS949 actually) to copy filtered resources, i.e. build is platform dependent!
2026-08-05 14:44:51,546 [Worker-4: Building] INFO  o.e.m.c.i.embedder.EclipseLogger - Copying 0 resource
2026-08-05 15:03:18,380 [Worker-4: Building] WARN  o.e.m.c.i.embedder.EclipseLogger - Using platform encoding (MS949 actually) to copy filtered resources, i.e. build is platform dependent!
2026-08-05 15:03:18,381 [Worker-4: Building] INFO  o.e.m.c.i.embedder.EclipseLogger - Copying 0 resource
2026-08-05 15:03:18,382 [Worker-4: Building] WARN  o.e.m.c.i.embedder.EclipseLogger - Using platform encoding (MS949 actually) to copy filtered resources, i.e. build is platform dependent!
2026-08-05 15:03:18,383 [Worker-4: Building] INFO  o.e.m.c.i.embedder.EclipseLogger - Copying 1 resource
2026-08-05 15:03:49,601 [Worker-31: Building] WARN  o.e.m.c.i.embedder.EclipseLogger - Using platform encoding (MS949 actually) to copy filtered resources, i.e. build is platform dependent!
2026-08-05 15:03:49,602 [Worker-31: Building] INFO  o.e.m.c.i.embedder.EclipseLogger - Copying 0 resource
2026-08-05 15:03:49,603 [Worker-31: Building] WARN  o.e.m.c.i.embedder.EclipseLogger - Using platform encoding (MS949 actually) to copy filtered resources, i.e. build is platform dependent!
2026-08-05 15:03:49,604 [Worker-31: Building] INFO  o.e.m.c.i.embedder.EclipseLogger - Copying 1 resource
2026-08-05 15:07:17,905 [Worker-33: Building] WARN  o.e.m.c.i.embedder.EclipseLogger - Using platform encoding (MS949 actually) to copy filtered resources, i.e. build is platform dependent!
2026-08-05 15:07:17,906 [Worker-33: Building] INFO  o.e.m.c.i.embedder.EclipseLogger - Copying 0 resource
2026-08-05 15:07:17,907 [Worker-33: Building] WARN  o.e.m.c.i.embedder.EclipseLogger - Using platform encoding (MS949 actually) to copy filtered resources, i.e. build is platform dependent!
2026-08-05 15:07:17,909 [Worker-33: Building] INFO  o.e.m.c.i.embedder.EclipseLogger - Copying 1 resource
2026-08-05 15:07:46,218 [Worker-33: Building] WARN  o.e.m.c.i.embedder.EclipseLogger - Using platform encoding (MS949 actually) to copy filtered resources, i.e. build is platform dependent!
2026-08-05 15:07:46,221 [Worker-33: Building] INFO  o.e.m.c.i.embedder.EclipseLogger - Copying 0 resource
2026-08-05 15:07:46,222 [Worker-33: Building] WARN  o.e.m.c.i.embedder.EclipseLogger - Using platform encoding (MS949 actually) to copy filtered resources, i.e. build is platform dependent!
2026-08-05 15:07:46,224 [Worker-33: Building] INFO  o.e.m.c.i.embedder.EclipseLogger - Copying 1 resource
2026-08-05 15:28:56,091 [Worker-41: Building] WARN  o.e.m.c.i.embedder.EclipseLogger - Using platform encoding (MS949 actually) to copy filtered resources, i.e. build is platform dependent!
2026-08-05 15:28:56,093 [Worker-41: Building] INFO  o.e.m.c.i.embedder.EclipseLogger - Copying 0 resource
2026-08-05 15:28:56,094 [Worker-41: Building] WARN  o.e.m.c.i.embedder.EclipseLogger - Using platform encoding (MS949 actually) to copy filtered resources, i.e. build is platform dependent!
2026-08-05 15:28:56,096 [Worker-41: Building] INFO  o.e.m.c.i.embedder.EclipseLogger - Copying 1 resource
2026-08-05 15:29:38,933 [Worker-41: Building] WARN  o.e.m.c.i.embedder.EclipseLogger - Using platform encoding (MS949 actually) to copy filtered resources, i.e. build is platform dependent!
2026-08-05 15:29:38,934 [Worker-41: Building] INFO  o.e.m.c.i.embedder.EclipseLogger - Copying 0 resource
2026-08-05 15:29:38,936 [Worker-41: Building] WARN  o.e.m.c.i.embedder.EclipseLogger - Using platform encoding (MS949 actually) to copy filtered resources, i.e. build is platform dependent!
2026-08-05 15:29:38,937 [Worker-41: Building] INFO  o.e.m.c.i.embedder.EclipseLogger - Copying 1 resource
2026-08-05 15:30:54,104 [Worker-34: Building] WARN  o.e.m.c.i.embedder.EclipseLogger - Using platform encoding (MS949 actually) to copy filtered resources, i.e. build is platform dependent!
2026-08-05 15:30:54,105 [Worker-34: Building] INFO  o.e.m.c.i.embedder.EclipseLogger - Copying 0 resource
2026-08-05 15:30:54,106 [Worker-34: Building] WARN  o.e.m.c.i.embedder.EclipseLogger - Using platform encoding (MS949 actually) to copy filtered resources, i.e. build is platform dependent!
2026-08-05 15:30:54,107 [Worker-34: Building] INFO  o.e.m.c.i.embedder.EclipseLogger - Copying 1 resource
2026-08-05 15:32:34,595 [Worker-39: Building] WARN  o.e.m.c.i.embedder.EclipseLogger - Using platform encoding (MS949 actually) to copy filtered resources, i.e. build is platform dependent!
2026-08-05 15:32:34,597 [Worker-39: Building] INFO  o.e.m.c.i.embedder.EclipseLogger - Copying 0 resource
2026-08-05 15:32:34,598 [Worker-39: Building] WARN  o.e.m.c.i.embedder.EclipseLogger - Using platform encoding (MS949 actually) to copy filtered resources, i.e. build is platform dependent!
2026-08-05 15:32:34,600 [Worker-39: Building] INFO  o.e.m.c.i.embedder.EclipseLogger - Copying 1 resource
2026-08-05 15:32:46,807 [Worker-41: Building] WARN  o.e.m.c.i.embedder.EclipseLogger - Using platform encoding (MS949 actually) to copy filtered resources, i.e. build is platform dependent!
2026-08-05 15:32:46,807 [Worker-41: Building] INFO  o.e.m.c.i.embedder.EclipseLogger - Copying 0 resource
2026-08-05 15:32:46,808 [Worker-41: Building] WARN  o.e.m.c.i.embedder.EclipseLogger - Using platform encoding (MS949 actually) to copy filtered resources, i.e. build is platform dependent!
2026-08-05 15:32:46,809 [Worker-41: Building] INFO  o.e.m.c.i.embedder.EclipseLogger - Copying 1 resource
2026-08-05 15:33:07,850 [Worker-42: Building] WARN  o.e.m.c.i.embedder.EclipseLogger - Using platform encoding (MS949 actually) to copy filtered resources, i.e. build is platform dependent!
2026-08-05 15:33:07,851 [Worker-42: Building] INFO  o.e.m.c.i.embedder.EclipseLogger - Copying 0 resource
2026-08-05 15:33:07,854 [Worker-42: Building] WARN  o.e.m.c.i.embedder.EclipseLogger - Using platform encoding (MS949 actually) to copy filtered resources, i.e. build is platform dependent!
2026-08-05 15:33:07,855 [Worker-42: Building] INFO  o.e.m.c.i.embedder.EclipseLogger - Copying 1 resource
2026-08-05 15:33:10,737 [Worker-40: Building] WARN  o.e.m.c.i.embedder.EclipseLogger - Using platform encoding (MS949 actually) to copy filtered resources, i.e. build is platform dependent!
2026-08-05 15:33:10,738 [Worker-40: Building] INFO  o.e.m.c.i.embedder.EclipseLogger - Copying 0 resource
2026-08-05 15:33:10,739 [Worker-40: Building] WARN  o.e.m.c.i.embedder.EclipseLogger - Using platform encoding (MS949 actually) to copy filtered resources, i.e. build is platform dependent!
2026-08-05 15:33:10,739 [Worker-40: Building] INFO  o.e.m.c.i.embedder.EclipseLogger - Copying 1 resource
2026-08-05 15:34:14,393 [Worker-44: Building] WARN  o.e.m.c.i.embedder.EclipseLogger - Using platform encoding (MS949 actually) to copy filtered resources, i.e. build is platform dependent!
2026-08-05 15:34:14,394 [Worker-44: Building] INFO  o.e.m.c.i.embedder.EclipseLogger - Copying 0 resource
2026-08-05 15:34:14,395 [Worker-44: Building] WARN  o.e.m.c.i.embedder.EclipseLogger - Using platform encoding (MS949 actually) to copy filtered resources, i.e. build is platform dependent!
2026-08-05 15:34:14,397 [Worker-44: Building] INFO  o.e.m.c.i.embedder.EclipseLogger - Copying 1 resource
2026-08-05 15:34:25,104 [Worker-44: Building] WARN  o.e.m.c.i.embedder.EclipseLogger - Using platform encoding (MS949 actually) to copy filtered resources, i.e. build is platform dependent!
2026-08-05 15:34:25,105 [Worker-44: Building] INFO  o.e.m.c.i.embedder.EclipseLogger - Copying 0 resource
2026-08-05 15:34:25,106 [Worker-44: Building] WARN  o.e.m.c.i.embedder.EclipseLogger - Using platform encoding (MS949 actually) to copy filtered resources, i.e. build is platform dependent!
2026-08-05 15:34:25,108 [Worker-44: Building] INFO  o.e.m.c.i.embedder.EclipseLogger - Copying 1 resource
2026-08-05 15:35:12,648 [Worker-45: Building] WARN  o.e.m.c.i.embedder.EclipseLogger - Using platform encoding (MS949 actually) to copy filtered resources, i.e. build is platform dependent!
2026-08-05 15:35:12,649 [Worker-45: Building] INFO  o.e.m.c.i.embedder.EclipseLogger - Copying 0 resource
2026-08-05 15:35:12,650 [Worker-45: Building] WARN  o.e.m.c.i.embedder.EclipseLogger - Using platform encoding (MS949 actually) to copy filtered resources, i.e. build is platform dependent!
2026-08-05 15:35:12,651 [Worker-45: Building] INFO  o.e.m.c.i.embedder.EclipseLogger - Copying 1 resource
2026-08-05 15:50:14,247 [Worker-47: Building] WARN  o.e.m.c.i.embedder.EclipseLogger - Using platform encoding (MS949 actually) to copy filtered resources, i.e. build is platform dependent!
2026-08-05 15:50:14,249 [Worker-47: Building] INFO  o.e.m.c.i.embedder.EclipseLogger - Copying 1 resource
2026-08-05 15:50:14,256 [Worker-47: Building] WARN  o.e.m.c.i.embedder.EclipseLogger - Using platform encoding (MS949 actually) to copy filtered resources, i.e. build is platform dependent!
2026-08-05 15:50:14,258 [Worker-47: Building] INFO  o.e.m.c.i.embedder.EclipseLogger - Copying 1 resource
2026-08-05 15:51:53,448 [Worker-54: Building] WARN  o.e.m.c.i.embedder.EclipseLogger - Using platform encoding (MS949 actually) to copy filtered resources, i.e. build is platform dependent!
2026-08-05 15:51:53,450 [Worker-54: Building] INFO  o.e.m.c.i.embedder.EclipseLogger - Copying 0 resource
2026-08-05 15:51:53,451 [Worker-54: Building] WARN  o.e.m.c.i.embedder.EclipseLogger - Using platform encoding (MS949 actually) to copy filtered resources, i.e. build is platform dependent!
2026-08-05 15:51:53,452 [Worker-54: Building] INFO  o.e.m.c.i.embedder.EclipseLogger - Copying 0 resource
2026-08-05 16:06:16,112 [Worker-61: Building] WARN  o.e.m.c.i.embedder.EclipseLogger - Using platform encoding (MS949 actually) to copy filtered resources, i.e. build is platform dependent!
2026-08-05 16:06:16,113 [Worker-61: Building] INFO  o.e.m.c.i.embedder.EclipseLogger - Copying 0 resource
2026-08-05 16:06:16,115 [Worker-61: Building] WARN  o.e.m.c.i.embedder.EclipseLogger - Using platform encoding (MS949 actually) to copy filtered resources, i.e. build is platform dependent!
2026-08-05 16:06:16,116 [Worker-61: Building] INFO  o.e.m.c.i.embedder.EclipseLogger - Copying 1 resource
2026-08-05 16:06:39,646 [Worker-53: Building] WARN  o.e.m.c.i.embedder.EclipseLogger - Using platform encoding (MS949 actually) to copy filtered resources, i.e. build is platform dependent!
2026-08-05 16:06:39,647 [Worker-53: Building] INFO  o.e.m.c.i.embedder.EclipseLogger - Copying 0 resource
2026-08-05 16:06:39,647 [Worker-53: Building] WARN  o.e.m.c.i.embedder.EclipseLogger - Using platform encoding (MS949 actually) to copy filtered resources, i.e. build is platform dependent!
2026-08-05 16:06:39,648 [Worker-53: Building] INFO  o.e.m.c.i.embedder.EclipseLogger - Copying 1 resource
2026-08-05 16:07:53,208 [Worker-60: Building] WARN  o.e.m.c.i.embedder.EclipseLogger - Using platform encoding (MS949 actually) to copy filtered resources, i.e. build is platform dependent!
2026-08-05 16:07:53,210 [Worker-60: Building] INFO  o.e.m.c.i.embedder.EclipseLogger - Copying 0 resource
2026-08-05 16:07:53,211 [Worker-60: Building] WARN  o.e.m.c.i.embedder.EclipseLogger - Using platform encoding (MS949 actually) to copy filtered resources, i.e. build is platform dependent!
2026-08-05 16:07:53,213 [Worker-60: Building] INFO  o.e.m.c.i.embedder.EclipseLogger - Copying 1 resource
2026-08-05 16:10:02,699 [Worker-64: Building] WARN  o.e.m.c.i.embedder.EclipseLogger - Using platform encoding (MS949 actually) to copy filtered resources, i.e. build is platform dependent!
2026-08-05 16:10:02,700 [Worker-64: Building] INFO  o.e.m.c.i.embedder.EclipseLogger - Copying 0 resource
2026-08-05 16:10:02,701 [Worker-64: Building] WARN  o.e.m.c.i.embedder.EclipseLogger - Using platform encoding (MS949 actually) to copy filtered resources, i.e. build is platform dependent!
2026-08-05 16:10:02,702 [Worker-64: Building] INFO  o.e.m.c.i.embedder.EclipseLogger - Copying 1 resource
2026-08-05 16:10:14,692 [Worker-61: Building] WARN  o.e.m.c.i.embedder.EclipseLogger - Using platform encoding (MS949 actually) to copy filtered resources, i.e. build is platform dependent!
2026-08-05 16:10:14,694 [Worker-61: Building] INFO  o.e.m.c.i.embedder.EclipseLogger - Copying 0 resource
2026-08-05 16:10:14,695 [Worker-61: Building] WARN  o.e.m.c.i.embedder.EclipseLogger - Using platform encoding (MS949 actually) to copy filtered resources, i.e. build is platform dependent!
2026-08-05 16:10:14,696 [Worker-61: Building] INFO  o.e.m.c.i.embedder.EclipseLogger - Copying 1 resource
2026-08-05 16:35:52,990 [Worker-69: Building] INFO  o.e.m.c.i.l.LifecycleMappingFactory - Using org.maven.ide.eclipse.wtp.WarLifecycleMapping lifecycle mapping for MavenProject: org.zerock:controller:1.0.0-BUILD-SNAPSHOT @ C:\Spring_Practice_Project\spring_workspace\ex00\pom.xml.
2026-08-05 16:35:53,317 [Worker-69: Building] INFO  o.e.m.c.i.e.AbstractTransferListenerAdapter - Downloaded https://repo.maven.apache.org/maven2/com/zaxxer/HikariCP/2.7.4/HikariCP-2.7.4.pom
2026-08-05 16:35:53,400 [Worker-69: Building] INFO  o.e.m.c.i.e.AbstractTransferListenerAdapter - Downloaded https://repo.maven.apache.org/maven2/org/sonatype/oss/oss-parent/9/oss-parent-9.pom
2026-08-05 16:35:53,480 [Worker-69: Building] INFO  o.e.m.c.i.e.AbstractTransferListenerAdapter - Downloaded https://repo.maven.apache.org/maven2/org/slf4j/slf4j-api/1.7.25/slf4j-api-1.7.25.pom
2026-08-05 16:35:53,563 [Worker-69: Building] INFO  o.e.m.c.i.e.AbstractTransferListenerAdapter - Downloaded https://repo.maven.apache.org/maven2/org/slf4j/slf4j-parent/1.7.25/slf4j-parent-1.7.25.pom
2026-08-05 16:35:53,598 [Worker-69: Building] INFO  o.e.m.c.i.e.AbstractTransferListenerAdapter - Downloading https://repo.maven.apache.org/maven2/com/zaxxer/HikariCP/2.7.4/HikariCP-2.7.4.jar
2026-08-05 16:35:53,700 [Worker-69: Building] INFO  o.e.m.c.i.e.AbstractTransferListenerAdapter - Downloaded https://repo.maven.apache.org/maven2/com/zaxxer/HikariCP/2.7.4/HikariCP-2.7.4.jar
2026-08-05 16:35:54,243 [Worker-69: Building] WARN  o.e.m.c.i.embedder.EclipseLogger - Using platform encoding (MS949 actually) to copy filtered resources, i.e. build is platform dependent!
2026-08-05 16:35:54,247 [Worker-69: Building] INFO  o.e.m.c.i.embedder.EclipseLogger - Copying 0 resource
2026-08-05 16:35:54,248 [Worker-69: Building] WARN  o.e.m.c.i.embedder.EclipseLogger - Using platform encoding (MS949 actually) to copy filtered resources, i.e. build is platform dependent!
2026-08-05 16:35:54,249 [Worker-69: Building] INFO  o.e.m.c.i.embedder.EclipseLogger - Copying 0 resource
2026-08-05 16:35:54,250 [Worker-69: Building] INFO  o.e.m.w.i.f.ResourceFilteringBuildParticipant - Changed resources require a complete clean of filtered resources of ex00
2026-08-05 16:35:54,250 [Worker-69: Building] INFO  o.e.m.w.i.f.ResourceFilteringBuildParticipant - Executing resource filtering for ex00
2026-08-05 16:35:54,254 [Worker-69: Building] WARN  o.e.m.c.i.embedder.EclipseLogger - Using platform encoding (MS949 actually) to copy filtered resources, i.e. build is platform dependent!
2026-08-05 16:35:55,350 [Worker-69: Download sources and javadoc] INFO  o.e.m.c.i.e.AbstractTransferListenerAdapter - Downloading https://repo.maven.apache.org/maven2/com/zaxxer/HikariCP/2.7.4/HikariCP-2.7.4-sources.jar
2026-08-05 16:35:55,425 [Worker-69: Download sources and javadoc] INFO  o.e.m.c.i.e.AbstractTransferListenerAdapter - Downloaded https://repo.maven.apache.org/maven2/com/zaxxer/HikariCP/2.7.4/HikariCP-2.7.4-sources.jar
2026-08-05 16:35:55,486 [Worker-69: Download sources and javadoc] INFO  o.e.m.j.internal.DownloadSourcesJob - Downloaded sources for com.zaxxer:HikariCP:2.7.4
2026-08-05 16:35:55,797 [Worker-71: Building] WARN  o.e.m.c.i.embedder.EclipseLogger - Using platform encoding (MS949 actually) to copy filtered resources, i.e. build is platform dependent!
2026-08-05 16:35:55,798 [Worker-71: Building] INFO  o.e.m.c.i.embedder.EclipseLogger - Copying 1 resource
2026-08-05 16:35:55,809 [Worker-71: Building] WARN  o.e.m.c.i.embedder.EclipseLogger - Using platform encoding (MS949 actually) to copy filtered resources, i.e. build is platform dependent!
2026-08-05 16:35:55,810 [Worker-71: Building] INFO  o.e.m.c.i.embedder.EclipseLogger - Copying 1 resource
2026-08-05 16:37:26,984 [Worker-75: Building] WARN  o.e.m.c.i.embedder.EclipseLogger - Using platform encoding (MS949 actually) to copy filtered resources, i.e. build is platform dependent!
2026-08-05 16:37:26,985 [Worker-75: Building] INFO  o.e.m.c.i.embedder.EclipseLogger - Copying 0 resource
2026-08-05 16:37:26,986 [Worker-75: Building] WARN  o.e.m.c.i.embedder.EclipseLogger - Using platform encoding (MS949 actually) to copy filtered resources, i.e. build is platform dependent!
2026-08-05 16:37:26,987 [Worker-75: Building] INFO  o.e.m.c.i.embedder.EclipseLogger - Copying 0 resource
2026-08-05 16:37:49,290 [Worker-76: Building] WARN  o.e.m.c.i.embedder.EclipseLogger - Using platform encoding (MS949 actually) to copy filtered resources, i.e. build is platform dependent!
2026-08-05 16:37:49,291 [Worker-76: Building] INFO  o.e.m.c.i.embedder.EclipseLogger - Copying 0 resource
2026-08-05 16:37:49,292 [Worker-76: Building] WARN  o.e.m.c.i.embedder.EclipseLogger - Using platform encoding (MS949 actually) to copy filtered resources, i.e. build is platform dependent!
2026-08-05 16:37:49,294 [Worker-76: Building] INFO  o.e.m.c.i.embedder.EclipseLogger - Copying 0 resource
2026-08-05 16:50:59,305 [Worker-79: Building] WARN  o.e.m.c.i.embedder.EclipseLogger - Using platform encoding (MS949 actually) to copy filtered resources, i.e. build is platform dependent!
2026-08-05 16:50:59,307 [Worker-79: Building] INFO  o.e.m.c.i.embedder.EclipseLogger - Copying 0 resource
2026-08-05 16:50:59,308 [Worker-79: Building] WARN  o.e.m.c.i.embedder.EclipseLogger - Using platform encoding (MS949 actually) to copy filtered resources, i.e. build is platform dependent!
2026-08-05 16:50:59,309 [Worker-79: Building] INFO  o.e.m.c.i.embedder.EclipseLogger - Copying 1 resource
2026-08-05 16:53:06,122 [Worker-77: Building] WARN  o.e.m.c.i.embedder.EclipseLogger - Using platform encoding (MS949 actually) to copy filtered resources, i.e. build is platform dependent!
2026-08-05 16:53:06,124 [Worker-77: Building] INFO  o.e.m.c.i.embedder.EclipseLogger - Copying 0 resource
2026-08-05 16:53:06,125 [Worker-77: Building] WARN  o.e.m.c.i.embedder.EclipseLogger - Using platform encoding (MS949 actually) to copy filtered resources, i.e. build is platform dependent!
2026-08-05 16:53:06,126 [Worker-77: Building] INFO  o.e.m.c.i.embedder.EclipseLogger - Copying 1 resource
2026-08-05 17:19:37,141 [Worker-95: Building] INFO  o.e.m.c.i.l.LifecycleMappingFactory - Using org.maven.ide.eclipse.wtp.WarLifecycleMapping lifecycle mapping for MavenProject: org.zerock:controller:1.0.0-BUILD-SNAPSHOT @ C:\Spring_Practice_Project\spring_workspace\ex00\pom.xml.
2026-08-05 17:19:37,739 [Worker-95: Building] WARN  o.e.m.c.i.embedder.EclipseLogger - Using platform encoding (MS949 actually) to copy filtered resources, i.e. build is platform dependent!
2026-08-05 17:19:37,741 [Worker-95: Building] INFO  o.e.m.c.i.embedder.EclipseLogger - Copying 0 resource
2026-08-05 17:19:37,744 [Worker-95: Building] WARN  o.e.m.c.i.embedder.EclipseLogger - Using platform encoding (MS949 actually) to copy filtered resources, i.e. build is platform dependent!
2026-08-05 17:19:37,745 [Worker-95: Building] INFO  o.e.m.c.i.embedder.EclipseLogger - Copying 0 resource
2026-08-05 17:19:37,746 [Worker-95: Building] INFO  o.e.m.w.i.f.ResourceFilteringBuildParticipant - Changed resources require a complete clean of filtered resources of ex00
2026-08-05 17:19:37,746 [Worker-95: Building] INFO  o.e.m.w.i.f.ResourceFilteringBuildParticipant - Executing resource filtering for ex00
2026-08-05 17:19:37,752 [Worker-95: Building] WARN  o.e.m.c.i.embedder.EclipseLogger - Using platform encoding (MS949 actually) to copy filtered resources, i.e. build is platform dependent!
2026-08-05 17:21:07,505 [Worker-92: reload maven project] INFO  o.e.m.c.i.e.AbstractTransferListenerAdapter - Downloaded https://repo.maven.apache.org/maven2/org/mybatis/mybatis/3.4.6/mybatis-3.4.6.pom
2026-08-05 17:21:07,590 [Worker-92: reload maven project] INFO  o.e.m.c.i.e.AbstractTransferListenerAdapter - Downloaded https://repo.maven.apache.org/maven2/org/mybatis/mybatis-parent/29/mybatis-parent-29.pom
2026-08-05 17:21:07,692 [Worker-92: reload maven project] INFO  o.e.m.c.i.e.AbstractTransferListenerAdapter - Downloaded https://repo.maven.apache.org/maven2/org/mybatis/mybatis-spring/1.3.2/mybatis-spring-1.3.2.pom
2026-08-05 17:21:07,700 [Worker-95: Building] INFO  o.e.m.c.i.l.LifecycleMappingFactory - Using org.maven.ide.eclipse.wtp.WarLifecycleMapping lifecycle mapping for MavenProject: org.zerock:controller:1.0.0-BUILD-SNAPSHOT @ C:\Spring_Practice_Project\spring_workspace\ex00\pom.xml.
2026-08-05 17:21:07,786 [Worker-92: reload maven project] INFO  o.e.m.c.i.e.AbstractTransferListenerAdapter - Downloaded https://repo.maven.apache.org/maven2/org/springframework/spring-tx/5.0.7.RELEASE/spring-tx-5.0.7.RELEASE.pom
2026-08-05 17:21:07,885 [Worker-92: reload maven project] INFO  o.e.m.c.i.e.AbstractTransferListenerAdapter - Downloaded https://repo.maven.apache.org/maven2/org/springframework/spring-jdbc/5.0.7.RELEASE/spring-jdbc-5.0.7.RELEASE.pom
2026-08-05 17:21:07,898 [Worker-95: Building] INFO  o.e.m.c.i.e.AbstractTransferListenerAdapter - Downloaded https://repo.maven.apache.org/maven2/org/springframework/spring-tx/5.0.7.RELEASE/spring-tx-5.0.7.RELEASE.pom
2026-08-05 17:21:07,943 [AetherRepositoryConnector-repo.maven.apache.org-0-2] INFO  o.e.m.c.i.e.AbstractTransferListenerAdapter - Downloading https://repo.maven.apache.org/maven2/org/springframework/spring-tx/5.0.7.RELEASE/spring-tx-5.0.7.RELEASE.jar
2026-08-05 17:21:07,943 [AetherRepositoryConnector-repo.maven.apache.org-1-0] INFO  o.e.m.c.i.e.AbstractTransferListenerAdapter - Downloading https://repo.maven.apache.org/maven2/org/mybatis/mybatis/3.4.6/mybatis-3.4.6.jar
2026-08-05 17:21:07,974 [AetherRepositoryConnector-repo.maven.apache.org-1-1] INFO  o.e.m.c.i.e.AbstractTransferListenerAdapter - Downloading https://repo.maven.apache.org/maven2/org/mybatis/mybatis-spring/1.3.2/mybatis-spring-1.3.2.jar
2026-08-05 17:21:07,974 [AetherRepositoryConnector-repo.maven.apache.org-1-3] INFO  o.e.m.c.i.e.AbstractTransferListenerAdapter - Downloading https://repo.maven.apache.org/maven2/org/springframework/spring-jdbc/5.0.7.RELEASE/spring-jdbc-5.0.7.RELEASE.jar
2026-08-05 17:21:07,974 [AetherRepositoryConnector-repo.maven.apache.org-1-2] INFO  o.e.m.c.i.e.AbstractTransferListenerAdapter - Downloading https://repo.maven.apache.org/maven2/org/springframework/spring-tx/5.0.7.RELEASE/spring-tx-5.0.7.RELEASE.jar
2026-08-05 17:21:07,988 [AetherRepositoryConnector-repo.maven.apache.org-0-0] INFO  o.e.m.c.i.e.AbstractTransferListenerAdapter - Downloading https://repo.maven.apache.org/maven2/org/mybatis/mybatis/3.4.6/mybatis-3.4.6.jar
2026-08-05 17:21:07,988 [AetherRepositoryConnector-repo.maven.apache.org-0-1] INFO  o.e.m.c.i.e.AbstractTransferListenerAdapter - Downloading https://repo.maven.apache.org/maven2/org/mybatis/mybatis-spring/1.3.2/mybatis-spring-1.3.2.jar
2026-08-05 17:21:07,988 [AetherRepositoryConnector-repo.maven.apache.org-0-3] INFO  o.e.m.c.i.e.AbstractTransferListenerAdapter - Downloading https://repo.maven.apache.org/maven2/org/springframework/spring-jdbc/5.0.7.RELEASE/spring-jdbc-5.0.7.RELEASE.jar
2026-08-05 17:21:08,137 [AetherRepositoryConnector-repo.maven.apache.org-0-2] INFO  o.e.m.c.i.e.AbstractTransferListenerAdapter - Downloaded https://repo.maven.apache.org/maven2/org/springframework/spring-tx/5.0.7.RELEASE/spring-tx-5.0.7.RELEASE.jar
2026-08-05 17:21:08,137 [AetherRepositoryConnector-repo.maven.apache.org-0-1] INFO  o.e.m.c.i.e.AbstractTransferListenerAdapter - Downloaded https://repo.maven.apache.org/maven2/org/mybatis/mybatis-spring/1.3.2/mybatis-spring-1.3.2.jar
2026-08-05 17:21:08,252 [AetherRepositoryConnector-repo.maven.apache.org-0-3] INFO  o.e.m.c.i.e.AbstractTransferListenerAdapter - Downloaded https://repo.maven.apache.org/maven2/org/springframework/spring-jdbc/5.0.7.RELEASE/spring-jdbc-5.0.7.RELEASE.jar
2026-08-05 17:21:08,278 [AetherRepositoryConnector-repo.maven.apache.org-1-1] INFO  o.e.m.c.i.e.AbstractTransferListenerAdapter - Downloaded https://repo.maven.apache.org/maven2/org/mybatis/mybatis-spring/1.3.2/mybatis-spring-1.3.2.jar
2026-08-05 17:21:08,317 [AetherRepositoryConnector-repo.maven.apache.org-1-2] INFO  o.e.m.c.i.e.AbstractTransferListenerAdapter - Downloaded https://repo.maven.apache.org/maven2/org/springframework/spring-tx/5.0.7.RELEASE/spring-tx-5.0.7.RELEASE.jar
2026-08-05 17:21:08,338 [AetherRepositoryConnector-repo.maven.apache.org-1-3] INFO  o.e.m.c.i.e.AbstractTransferListenerAdapter - Downloaded https://repo.maven.apache.org/maven2/org/springframework/spring-jdbc/5.0.7.RELEASE/spring-jdbc-5.0.7.RELEASE.jar
2026-08-05 17:21:08,420 [AetherRepositoryConnector-repo.maven.apache.org-0-0] INFO  o.e.m.c.i.e.AbstractTransferListenerAdapter - Downloaded https://repo.maven.apache.org/maven2/org/mybatis/mybatis/3.4.6/mybatis-3.4.6.jar
2026-08-05 17:21:08,496 [AetherRepositoryConnector-repo.maven.apache.org-1-0] INFO  o.e.m.c.i.e.AbstractTransferListenerAdapter - Downloaded https://repo.maven.apache.org/maven2/org/mybatis/mybatis/3.4.6/mybatis-3.4.6.jar
2026-08-05 17:21:09,097 [Worker-95: Building] WARN  o.e.m.c.i.embedder.EclipseLogger - Using platform encoding (MS949 actually) to copy filtered resources, i.e. build is platform dependent!
2026-08-05 17:21:09,100 [Worker-95: Building] INFO  o.e.m.c.i.embedder.EclipseLogger - Copying 0 resource
2026-08-05 17:21:09,101 [Worker-95: Building] WARN  o.e.m.c.i.embedder.EclipseLogger - Using platform encoding (MS949 actually) to copy filtered resources, i.e. build is platform dependent!
2026-08-05 17:21:09,102 [Worker-95: Building] INFO  o.e.m.c.i.embedder.EclipseLogger - Copying 0 resource
2026-08-05 17:21:09,103 [Worker-95: Building] INFO  o.e.m.w.i.f.ResourceFilteringBuildParticipant - Changed resources require a complete clean of filtered resources of ex00
2026-08-05 17:21:09,103 [Worker-95: Building] INFO  o.e.m.w.i.f.ResourceFilteringBuildParticipant - Executing resource filtering for ex00
2026-08-05 17:21:09,106 [Worker-95: Building] WARN  o.e.m.c.i.embedder.EclipseLogger - Using platform encoding (MS949 actually) to copy filtered resources, i.e. build is platform dependent!
2026-08-05 17:21:10,142 [Worker-92: Download sources and javadoc] INFO  o.e.m.c.i.e.AbstractTransferListenerAdapter - Downloading https://repo.maven.apache.org/maven2/org/mybatis/mybatis/3.4.6/mybatis-3.4.6-sources.jar
2026-08-05 17:21:10,286 [Worker-92: Download sources and javadoc] INFO  o.e.m.c.i.e.AbstractTransferListenerAdapter - Downloaded https://repo.maven.apache.org/maven2/org/mybatis/mybatis/3.4.6/mybatis-3.4.6-sources.jar
2026-08-05 17:21:10,349 [Worker-92: Download sources and javadoc] INFO  o.e.m.j.internal.DownloadSourcesJob - Downloaded sources for org.mybatis:mybatis:3.4.6
2026-08-05 17:21:10,407 [Worker-92: Download sources and javadoc] INFO  o.e.m.c.i.e.AbstractTransferListenerAdapter - Downloading https://repo.maven.apache.org/maven2/org/mybatis/mybatis-spring/1.3.2/mybatis-spring-1.3.2-sources.jar
2026-08-05 17:21:10,464 [Worker-92: Download sources and javadoc] INFO  o.e.m.c.i.e.AbstractTransferListenerAdapter - Downloaded https://repo.maven.apache.org/maven2/org/mybatis/mybatis-spring/1.3.2/mybatis-spring-1.3.2-sources.jar
2026-08-05 17:21:10,519 [Worker-92: Download sources and javadoc] INFO  o.e.m.j.internal.DownloadSourcesJob - Downloaded sources for org.mybatis:mybatis-spring:1.3.2
2026-08-05 17:21:10,570 [Worker-98: Building] WARN  o.e.m.c.i.embedder.EclipseLogger - Using platform encoding (MS949 actually) to copy filtered resources, i.e. build is platform dependent!
2026-08-05 17:21:10,572 [Worker-98: Building] INFO  o.e.m.c.i.embedder.EclipseLogger - Copying 1 resource
2026-08-05 17:21:10,584 [Worker-98: Building] WARN  o.e.m.c.i.embedder.EclipseLogger - Using platform encoding (MS949 actually) to copy filtered resources, i.e. build is platform dependent!
2026-08-05 17:21:10,585 [Worker-98: Building] INFO  o.e.m.c.i.embedder.EclipseLogger - Copying 1 resource
2026-08-05 17:21:10,612 [Worker-92: Download sources and javadoc] INFO  o.e.m.c.i.e.AbstractTransferListenerAdapter - Downloading https://repo.maven.apache.org/maven2/org/springframework/spring-tx/5.0.7.RELEASE/spring-tx-5.0.7.RELEASE-sources.jar
2026-08-05 17:21:10,719 [Worker-92: Download sources and javadoc] INFO  o.e.m.c.i.e.AbstractTransferListenerAdapter - Downloaded https://repo.maven.apache.org/maven2/org/springframework/spring-tx/5.0.7.RELEASE/spring-tx-5.0.7.RELEASE-sources.jar
2026-08-05 17:21:10,784 [Worker-92: Download sources and javadoc] INFO  o.e.m.j.internal.DownloadSourcesJob - Downloaded sources for org.springframework:spring-tx:5.0.7.RELEASE
2026-08-05 17:21:10,839 [Worker-92: Download sources and javadoc] INFO  o.e.m.c.i.e.AbstractTransferListenerAdapter - Downloading https://repo.maven.apache.org/maven2/org/springframework/spring-jdbc/5.0.7.RELEASE/spring-jdbc-5.0.7.RELEASE-sources.jar
2026-08-05 17:21:10,945 [Worker-92: Download sources and javadoc] INFO  o.e.m.c.i.e.AbstractTransferListenerAdapter - Downloaded https://repo.maven.apache.org/maven2/org/springframework/spring-jdbc/5.0.7.RELEASE/spring-jdbc-5.0.7.RELEASE-sources.jar
2026-08-05 17:21:11,026 [Worker-92: Download sources and javadoc] INFO  o.e.m.j.internal.DownloadSourcesJob - Downloaded sources for org.springframework:spring-jdbc:5.0.7.RELEASE
2026-08-05 17:21:11,625 [Worker-99: Building] WARN  o.e.m.c.i.embedder.EclipseLogger - Using platform encoding (MS949 actually) to copy filtered resources, i.e. build is platform dependent!
2026-08-05 17:21:11,627 [Worker-99: Building] INFO  o.e.m.c.i.embedder.EclipseLogger - Copying 0 resource
2026-08-05 17:21:11,628 [Worker-99: Building] WARN  o.e.m.c.i.embedder.EclipseLogger - Using platform encoding (MS949 actually) to copy filtered resources, i.e. build is platform dependent!
2026-08-05 17:21:11,629 [Worker-99: Building] INFO  o.e.m.c.i.embedder.EclipseLogger - Copying 0 resource
2026-08-05 17:21:39,969 [Worker-98: Building] WARN  o.e.m.c.i.embedder.EclipseLogger - Using platform encoding (MS949 actually) to copy filtered resources, i.e. build is platform dependent!
2026-08-05 17:21:39,970 [Worker-98: Building] INFO  o.e.m.c.i.embedder.EclipseLogger - Copying 0 resource
2026-08-05 17:21:39,971 [Worker-98: Building] WARN  o.e.m.c.i.embedder.EclipseLogger - Using platform encoding (MS949 actually) to copy filtered resources, i.e. build is platform dependent!
2026-08-05 17:21:39,971 [Worker-98: Building] INFO  o.e.m.c.i.embedder.EclipseLogger - Copying 0 resource
2026-08-05 17:22:02,934 [Worker-95: Building] WARN  o.e.m.c.i.embedder.EclipseLogger - Using platform encoding (MS949 actually) to copy filtered resources, i.e. build is platform dependent!
2026-08-05 17:22:02,935 [Worker-95: Building] INFO  o.e.m.c.i.embedder.EclipseLogger - Copying 0 resource
2026-08-05 17:22:02,935 [Worker-95: Building] WARN  o.e.m.c.i.embedder.EclipseLogger - Using platform encoding (MS949 actually) to copy filtered resources, i.e. build is platform dependent!
2026-08-05 17:22:02,936 [Worker-95: Building] INFO  o.e.m.c.i.embedder.EclipseLogger - Copying 1 resource
2026-08-05 17:22:11,080 [Worker-98: Building] WARN  o.e.m.c.i.embedder.EclipseLogger - Using platform encoding (MS949 actually) to copy filtered resources, i.e. build is platform dependent!
2026-08-05 17:22:11,081 [Worker-98: Building] INFO  o.e.m.c.i.embedder.EclipseLogger - Copying 0 resource
2026-08-05 17:22:11,082 [Worker-98: Building] WARN  o.e.m.c.i.embedder.EclipseLogger - Using platform encoding (MS949 actually) to copy filtered resources, i.e. build is platform dependent!
2026-08-05 17:22:11,083 [Worker-98: Building] INFO  o.e.m.c.i.embedder.EclipseLogger - Copying 1 resource
